"prodcodeid","inhaler_category","term"
"137641000033117","ics","Becotide 100microgram Rotacaps (GlaxoSmithKline UK Ltd)"
"585641000033110","ics","Flixotide Inhaler 125 micrograms/puff"
"1144341000033117","ics","Pulmicort Ls Refill canister 50 micrograms/dose"
"2873241000033118","ics","Asmanex Twisthaler Dry Powder Inhaler 400 micrograms/dose, 30 doses"
"586341000033110","ics","Fluticasone Propionate Inhaler 250 micrograms/puff"
"121641000033112","ics","Becloforte 250micrograms/dose inhaler (GlaxoSmithKline UK Ltd)"
"1143141000033118","ics","Pulmicort LS 50micrograms/dose inhaler (AstraZeneca UK Ltd)"
"12901541000033117","ics","Soprobec 200micrograms/dose inhaler (Glenmark Pharmaceuticals Europe Ltd)"
"171741000033119","ics","Budesonide Spacer inhaler 200 micrograms/dose"
"4815041000033111","ics","Budesonide 100micrograms/dose inhaler CFC free"
"3943641000033117","ics","Clenil Modulite 250micrograms/dose inhaler (Chiesi Ltd)"
"2873041000033114","ics","Asmanex Twisthaler Dry Powder Inhaler 200 micrograms/dose, 30 doses"
"3082041000033116","ics","Beclometasone 100microgram inhalation powder capsules"
"586241000033117","ics","Flixotide Inhaler 250 micrograms/puff"
"585941000033115","ics","Fluticasone Propionate Inhaler 125 micrograms/puff"
"5393441000033112","ics","Budelin Novolizer 200micrograms/dose inhalation powder refill (Viatris UK Healthcare Ltd)"
"576741000033118","ics","Flixotide 100micrograms/dose Accuhaler (GlaxoSmithKline UK Ltd)"
"591041000033118","ics","Flixotide 50microgram disks (GlaxoSmithKline UK Ltd)"
"3081941000033110","ics","Beclometasone 400microgram inhalation powder capsules"
"3871541000033110","ics","Budesonide 100micrograms/dose dry powder inhaler"
"2725641000033115","ics","Beclometasone 200 Cyclocaps (Teva UK Ltd)"
"83941000033119","ics","Asmabec Spacehaler Inhaler with vortex generating actuator 50 micrograms/dose"
"3082941000033115","ics","Beclometasone 50micrograms/dose breath actuated inhaler CFC free"
"1144941000033118","ics","Pulmicort Spacer inhaler 50 micrograms/dose"
"1571041000033110","ics","Asmabec 100 Clickhaler (Focus Pharmaceuticals Ltd)"
"2726041000033117","ics","Budesonide 200 Cyclocaps (Teva UK Ltd)"
"3080741000033119","ics","Beclometasone 100micrograms/dose breath actuated inhaler"
"1571441000033118","ics","Asmabec Spacehaler 250 Inhaler with vortex generating actuator 250 micrograms/dose"
"576841000033111","ics","Flixotide 250micrograms/dose Accuhaler (GlaxoSmithKline UK Ltd)"
"5811541000033113","ics","Asmanex 400micrograms/dose Twisthaler (Organon Pharma (UK) Ltd)"
"171341000033115","ics","Budesonide Refill canister 50 micrograms/dose"
"136941000033110","ics","Becodisks 100microgram (GlaxoSmithKline UK Ltd)"
"2067841000033116","ics","Fluticasone 250micrograms/dose inhaler CFC free"
"20141000033118","ics","AeroBec 50 Autohaler (Meda Pharmaceuticals Ltd)"
"577141000033115","ics","Fluticasone Propionate Accuhaler 100 micrograms/dose"
"129941000033116","ics","Becotide 50 inhaler (GlaxoSmithKline UK Ltd)"
"3083041000033113","ics","Beclometasone 100micrograms/dose breath actuated inhaler CFC free"
"591341000033116","ics","Fluticasone propionate 50microgram inhalation powder blisters"
"3081041000033114","ics","Beclometasone 100microgram inhalation powder blisters with device"
"3081341000033111","ics","Beclometasone 100microgram inhalation powder blisters"
"163741000033113","ics","Budesonide 200micrograms/dose inhaler"
"2725841000033119","ics","Budesonide 200microgram inhalation powder capsules"
"163841000033115","ics","Budesonide 50micrograms/dose inhaler"
"124041000033116","ics","Becloforte Easi-Breathe Breath-actuated inhaler 250 micrograms/puff"
"3872041000033110","ics","Easyhaler Budesonide 400micrograms/dose dry powder inhaler (Orion Pharma (UK) Ltd)"
"126641000033118","ics","Becloforte 400microgram disks with Diskhaler (GlaxoSmithKline UK Ltd)"
"1670741000033111","ics","Pulmicort Turbohaler Breath-Actuated Dry Powder Inhaler 100 micrograms/dose"
"585841000033111","ics","Flixotide Inhaler 50 micrograms/puff"
"581341000033117","ics","Flixotide 250microgram disks with Diskhaler (GlaxoSmithKline UK Ltd)"
"2725741000033112","ics","Beclometasone 400 Cyclocaps (Teva UK Ltd)"
"3227641000033114","ics","Alvesco 80 inhaler (AstraZeneca UK Ltd)"
"1914441000033118","ics","Fluticasone propionate 100micrograms/dose dry powder inhaler"
"1914841000033115","ics","Fluticasone propionate 100microgram inhalation powder blisters with device"
"131441000033112","ics","Becotide 200 inhaler (GlaxoSmithKline UK Ltd)"
"2873341000033111","ics","Asmanex Twisthaler Dry Powder Inhaler 400 micrograms/dose, 60 doses"
"5811441000033112","ics","Asmanex 200micrograms/dose Twisthaler (Organon Pharma (UK) Ltd)"
"3082341000033119","ics","Beclometasone 100micrograms/dose dry powder inhaler"
"3256441000033113","ics","Novolizer Budesonide Inhalation Cartridge Refill 200 micrograms/dose, 100 doses"
"3080441000033114","ics","Beclometasone 250micrograms/dose inhaler"
"581941000033118","ics","Fluticasone Propionate Disks with diskhaler 500 micrograms/puff"
"136741000033112","ics","Becloforte Integra Refill 250 micrograms/puff"
"2725941000033110","ics","Budesonide 400microgram inhalation powder capsules"
"2623141000033115","ics","Pulvinal Beclometasone Dipropionate 100micrograms/dose dry powder inhaler (Chiesi Ltd)"
"12901341000033112","ics","Soprobec 50micrograms/dose inhaler (Glenmark Pharmaceuticals Europe Ltd)"
"3141341000033112","ics","Budesonide 200micrograms/dose dry powder inhalation cartridge with device"
"123841000033114","ics","Becotide 50 Easi-Breathe Breath-actuated inhaler 50 micrograms/puff"
"12901641000033116","ics","Soprobec 250micrograms/dose inhaler (Glenmark Pharmaceuticals Europe Ltd)"
"137741000033114","ics","Becotide 200microgram Rotacaps (GlaxoSmithKline UK Ltd)"
"1914341000033112","ics","Fluticasone propionate 50micrograms/dose dry powder inhaler"
"137841000033116","ics","Becotide Rotahaler (GlaxoSmithKline UK Ltd)"
"1143041000033117","ics","Pulmicort 200micrograms/dose inhaler (AstraZeneca UK Ltd)"
"4823341000033115","ics","Alvesco 160 inhaler (AstraZeneca UK Ltd)"
"20341000033115","ics","AeroBec 100 Autohaler (Meda Pharmaceuticals Ltd)"
"581741000033116","ics","Fluticasone Propionate Disks with diskhaler 50 micrograms/dose"
"3082441000033113","ics","Beclometasone 250micrograms/dose dry powder inhaler"
"1914941000033111","ics","Fluticasone propionate 250microgram inhalation powder blisters with device"
"591241000033114","ics","Fluticasone propionate 250microgram inhalation powder blisters"
"2872941000033116","ics","Mometasone Furoate Dry Powder Inhaler 400 micrograms/dose, 30 doses"
"129141000033118","ics","Beclazone 50 inhaler (Teva UK Ltd)"
"3227741000033117","ics","Alvesco Cfc-free inhaler 160 micrograms/actuation, 120 doses"
"83841000033110","ics","Asmabec Spacehaler Inhaler with vortex generating actuator 100 micrograms/dose"
"1914641000033116","ics","Fluticasone propionate 500micrograms/dose dry powder inhaler"
"3227541000033113","ics","Ciclesonide Cfc-free inhaler 160 micrograms/actuation, 120 doses"
"1571141000033114","ics","Asmabec 250 Clickhaler (Focus Pharmaceuticals Ltd)"
"590941000033111","ics","Flixotide 250microgram disks (GlaxoSmithKline UK Ltd)"
"123341000033117","ics","Beclazone 50 Easi-Breathe inhaler (Teva UK Ltd)"
"12530441000033112","ics","Kelhale 100micrograms/dose inhaler (Cipla EU Ltd)"
"3081241000033118","ics","Beclometasone 400microgram inhalation powder blisters with device"
"3942941000033118","ics","Beclometasone 250micrograms/dose inhaler CFC free"
"576141000033117","ics","Filair 100 inhaler (Meda Pharmaceuticals Ltd)"
"3081441000033117","ics","Beclometasone 200microgram inhalation powder blisters"
"2725541000033116","ics","Beclometasone 100 Cyclocaps (Teva UK Ltd)"
"1671141000033117","ics","Qvar 100 inhaler (Teva UK Ltd)"
"1670841000033118","ics","Pulmicort Turbohaler Breath-Actuated Dry Powder Inhaler 200 micrograms/dose"
"126941000033113","ics","Becodisks 400microgram with Diskhaler (GlaxoSmithKline UK Ltd)"
"3082141000033117","ics","Beclometasone 200microgram inhalation powder capsules"
"136641000033115","ics","Becloforte 400microgram disks (GlaxoSmithKline UK Ltd)"
"174541000033113","ics","Budesonide Turbohaler 400 micrograms/dose"
"3199341000033119","ics","Qvar 100micrograms/dose Easi-Breathe inhaler (Teva UK Ltd)"
"129041000033117","ics","Beclazone 100 inhaler (Teva UK Ltd)"
"1144241000033110","ics","Pulmicort Refill canister 200 micrograms/dose"
"3080641000033111","ics","Beclometasone 50micrograms/dose breath actuated inhaler"
"4815341000033113","ics","Pulmicort 200micrograms/dose inhaler CFC free (AstraZeneca UK Ltd)"
"137041000033111","ics","Becodisks 200microgram (GlaxoSmithKline UK Ltd)"
"20241000033113","ics","AeroBec Forte 250 Autohaler (Meda Pharmaceuticals Ltd)"
"171241000033113","ics","Budesonide Refill canister 200 micrograms/dose"
"581841000033114","ics","Flixotide 500microgram disks with Diskhaler (GlaxoSmithKline UK Ltd)"
"126841000033117","ics","Becodisks 200microgram with Diskhaler (GlaxoSmithKline UK Ltd)"
"3141441000033118","ics","Novolizer Budesonide Inhalation Cartridge + Device 200 micrograms/dose, 100 doses"
"3267641000033115","ics","Ciclesonide Cfc-free inhaler 160 micrograms/actuation, 60 doses"
"3871641000033111","ics","Budesonide 200micrograms/dose dry powder inhaler"
"1671341000033119","ics","Qvar 100 Autohaler (Teva UK Ltd)"
"2623341000033117","ics","Pulvinal Beclometasone Dipropionate 400micrograms/dose dry powder inhaler (Chiesi Ltd)"
"1145341000033116","ics","Pulmicort 100 Turbohaler (AstraZeneca UK Ltd)"
"577241000033110","ics","Fluticasone Propionate Accuhaler 250 micrograms/dose"
"1144841000033114","ics","Pulmicort Spacer inhaler 200 micrograms/dose"
"3943041000033111","ics","Clenil Modulite 50micrograms/dose inhaler (Chiesi Ltd)"
"1915041000033111","ics","Fluticasone propionate 500microgram inhalation powder blisters with device"
"586141000033112","ics","Fluticasone Propionate Inhaler 50 micrograms/puff"
"3256341000033119","ics","Budesonide 200micrograms/dose dry powder inhalation cartridge"
"129341000033115","ics","Becloforte Integra Inhaler with spacer device 250 micrograms/puff"
"5811241000033111","ics","Mometasone 200micrograms/dose dry powder inhaler"
"3267741000033112","ics","Alvesco Cfc-free inhaler 160 micrograms/actuation, 60 doses"
"3081841000033119","ics","Beclometasone 50micrograms/dose inhaler"
"3082741000033118","ics","Beclometasone 50micrograms/dose inhaler CFC free"
"2798441000033118","ics","Budesonide Inhaler with spacer device 200 micrograms/dose"
"139841000033114","ics","Becotide Suspension 50 micrograms/ml"
"131641000033114","ics","Becloforte Vm Inhalers and volumatic 250 micrograms/puff"
"126741000033110","ics","Becodisks 100microgram with Diskhaler (GlaxoSmithKline UK Ltd)"
"5811341000033118","ics","Mometasone 400micrograms/dose dry powder inhaler"
"123241000033110","ics","Beclazone 100 Easi-Breathe inhaler (Teva UK Ltd)"
"129241000033113","ics","Beclazone 250 inhaler (Teva UK Ltd)"
"2873141000033113","ics","Asmanex Twisthaler Dry Powder Inhaler 200 micrograms/dose, 60 doses"
"4815241000033115","ics","Pulmicort 100micrograms/dose inhaler CFC free (AstraZeneca UK Ltd)"
"5393341000033118","ics","Budelin Novolizer 200micrograms/dose inhalation powder (Viatris UK Healthcare Ltd)"
"3082641000033110","ics","Beclometasone 200micrograms/dose dry powder inhaler"
"591441000033110","ics","Flixotide 500microgram disks (GlaxoSmithKline UK Ltd)"
"174641000033114","ics","Budesonide Turbohaler 100 micrograms/dose"
"3343041000033119","ics","Easyhaler Beclometasone 200micrograms/dose dry powder inhaler (Orion Pharma (UK) Ltd)"
"1577941000033118","ics","Beclazone 200 inhaler (Teva UK Ltd)"
"3227441000033112","ics","Ciclesonide 80micrograms/dose inhaler CFC free"
"3082241000033112","ics","Beclometasone 50micrograms/dose dry powder inhaler"
"12530541000033113","ics","Kelhale 50micrograms/dose inhaler (Cipla EU Ltd)"
"1671041000033116","ics","Qvar 50 inhaler (Teva UK Ltd)"
"3943441000033119","ics","Clenil Modulite 200micrograms/dose inhaler (Chiesi Ltd)"
"2798341000033112","ics","Pulmicort 200micrograms/dose inhaler with Nebuchamber (AstraZeneca UK Ltd)"
"576341000033119","ics","Filair Forte 250micrograms/dose inhaler (Meda Pharmaceuticals Ltd)"
"581441000033111","ics","Flixotide 50microgram disks with Diskhaler (GlaxoSmithKline UK Ltd)"
"3871841000033112","ics","Easyhaler Budesonide 100micrograms/dose dry powder inhaler (Orion Pharma (UK) Ltd)"
"3871941000033116","ics","Easyhaler Budesonide 200micrograms/dose dry powder inhaler (Orion Pharma (UK) Ltd)"
"3943341000033113","ics","Clenil Modulite 100micrograms/dose inhaler (Chiesi Ltd)"
"1671241000033112","ics","Qvar 50 Autohaler (Teva UK Ltd)"
"3081641000033115","ics","Beclometasone 200micrograms/dose inhaler"
"4815141000033110","ics","Budesonide 200micrograms/dose inhaler CFC free"
"576241000033112","ics","Filair 50 inhaler (Meda Pharmaceuticals Ltd)"
"581241000033110","ics","Flixotide 100microgram disks with Diskhaler (GlaxoSmithKline UK Ltd)"
"586041000033113","ics","Fluticasone 25micrograms/dose inhaler"
"2872741000033119","ics","Mometasone Furoate Dry Powder Inhaler 400 micrograms/dose, 60 doses"
"138041000033110","ics","Becotide 400microgram Rotacaps (GlaxoSmithKline UK Ltd)"
"1579941000033112","ics","Budesonide Breath-Actuated Dry Powder Inhaler 200 micrograms/dose"
"590841000033115","ics","Flixotide 100microgram disks (GlaxoSmithKline UK Ltd)"
"585741000033118","ics","Flixotide 25micrograms/dose inhaler (GlaxoSmithKline UK Ltd)"
"137241000033115","ics","Becodisks 400microgram (GlaxoSmithKline UK Ltd)"
"1579841000033116","ics","Budesonide Breath-Actuated Dry Powder Inhaler 100 micrograms/dose"
"577041000033119","ics","Flixotide 500micrograms/dose Accuhaler (GlaxoSmithKline UK Ltd)"
"2872841000033112","ics","Mometasone Furoate Dry Powder Inhaler 200 micrograms/dose, 60 doses"
"3871741000033119","ics","Budesonide 400micrograms/dose dry powder inhaler"
"129841000033112","ics","Becotide 100 inhaler (GlaxoSmithKline UK Ltd)"
"12901441000033118","ics","Soprobec 100micrograms/dose inhaler (Glenmark Pharmaceuticals Europe Ltd)"
"136141000033113","ics","Becodisks Refill Powder 400 micrograms"
"591141000033119","ics","Fluticasone propionate 100microgram inhalation powder blisters"
"3082541000033114","ics","Beclometasone 400micrograms/dose dry powder inhaler"
"3199241000033112","ics","Qvar 50micrograms/dose Easi-Breathe inhaler (Teva UK Ltd)"
"577441000033111","ics","Fluticasone Propionate Accuhaler 500 micrograms/dose"
"136041000033114","ics","Becodisks With Diskhaler Powder 400 micrograms"
"2067741000033114","ics","Fluticasone 125micrograms/dose inhaler CFC free"
"1571241000033119","ics","Asmabec 50 Clickhaler (Focus Pharmaceuticals Ltd)"
"2067641000033117","ics","Flixotide 250micrograms/dose Evohaler (GlaxoSmithKline UK Ltd)"
"576941000033115","ics","Flixotide 50micrograms/dose Accuhaler (GlaxoSmithKline UK Ltd)"
"591541000033111","ics","Fluticasone propionate 500microgram inhalation powder blisters"
"3080541000033110","ics","Beclometasone 250micrograms/dose breath actuated inhaler"
"2726141000033118","ics","Budesonide 400 Cyclocaps (Teva UK Ltd)"
"171641000033111","ics","Budesonide Spacer inhaler 50 micrograms/dose"
"3082841000033111","ics","Beclometasone 100micrograms/dose inhaler CFC free"
"2067541000033118","ics","Flixotide 125micrograms/dose Evohaler (GlaxoSmithKline UK Ltd)"
"3081741000033112","ics","Beclometasone 100micrograms/dose inhaler"
"123441000033111","ics","Beclazone 250 Easi-Breathe inhaler (Teva UK Ltd)"
"4823241000033113","ics","Ciclesonide 160micrograms/dose inhaler CFC free"
"1914541000033117","ics","Fluticasone propionate 250micrograms/dose dry powder inhaler"
"1145241000033114","ics","Pulmicort 400 Turbohaler (AstraZeneca UK Ltd)"
"3081541000033116","ics","Beclometasone 400microgram inhalation powder blisters"
"2148541000033119","ics","Flixotide 50micrograms/dose Evohaler (GlaxoSmithKline UK Ltd)"
"3081141000033113","ics","Beclometasone 200microgram inhalation powder blisters with device"
"1914741000033113","ics","Fluticasone propionate 50microgram inhalation powder blisters with device"
"2623241000033110","ics","Pulvinal Beclometasone Dipropionate 200micrograms/dose dry powder inhaler (Chiesi Ltd)"
"2148441000033115","ics","Fluticasone 50micrograms/dose inhaler CFC free"
"1145141000033119","ics","Pulmicort 200 Turbohaler (AstraZeneca UK Ltd)"
"123941000033118","ics","Becotide 100 Easi-Breathe Breath-actuated inhaler 100 micrograms/puff"
"1670941000033114","ics","Pulmicort Turbohaler Breath-Actuated Dry Powder Inhaler 400 micrograms/dose"
"3942841000033114","ics","Beclometasone 200micrograms/dose inhaler CFC free"
"2872641000033111","ics","Mometasone Furoate Dry Powder Inhaler 200 micrograms/dose, 30 doses"
"9299441000033113","laba","Striverdi Respimat 2.5micrograms/dose inhalation solution cartridge with device (Boehringer Ingelheim Ltd)"
"599641000033111","laba","Foradil 12microgram inhalation powder capsules with device (Novartis Pharmaceuticals UK Ltd)"
"1914141000033114","laba","Salmeterol 50micrograms/dose dry powder inhaler"
"4063341000033111","laba","Formoterol Dry Powder Inhaler 12 micrograms/actuation, 120 dose"
"5140141000033111","laba",NA
"1268941000033117","laba","Serevent 50microgram disks with Diskhaler (GlaxoSmithKline UK Ltd)"
"1914241000033119","laba","Salmeterol 50microgram inhalation powder blisters with device"
"13178941000033117","laba","Olodaterol 2.5micrograms/dose inhalation solution cartridge CFC free"
"9299341000033119","laba","Olodaterol 2.5micrograms/dose solution for inhalation cartridge with device CFC free"
"5707241000033115","laba","Onbrez Breezhaler 150microgram inhalation powder capsules with device (Novartis Pharmaceuticals UK Ltd)"
"1022441000033111","laba","Oxis 6 Turbohaler (AstraZeneca UK Ltd)"
"11782841000033117","laba","Soltel 25micrograms/dose inhaler CFC free (Cipla EU Ltd)"
"1205941000033113","laba",NA
"3089741000033113","laba","Formoterol 12micrograms/dose dry powder inhaler"
"1228741000033113","laba","Salmeterol Xinafoate Disks with diskhaler 50 micrograms/blister"
"1252041000033114","laba","Salmeterol 50microgram inhalation powder blisters"
"3347141000033113","laba","Atimos Modulite 12micrograms/dose inhaler (Chiesi Ltd)"
"498041000033115","laba",NA
"1206341000033118","laba","Salmeterol 25micrograms/dose inhaler"
"1267641000033111","laba","Serevent 25micrograms/dose inhaler (GlaxoSmithKline UK Ltd)"
"3856041000033113","laba","Serevent 25micrograms/dose Evohaler (GlaxoSmithKline UK Ltd)"
"497441000033111","laba",NA
"5707041000033111","laba","Indacaterol 150microgram inhalation powder capsules with device"
"5707341000033113","laba","Onbrez Breezhaler 300microgram inhalation powder capsules with device (Novartis Pharmaceuticals UK Ltd)"
"6456541000033118","laba","Neovent 25micrograms/dose inhaler CFC free (Kent Pharma (UK) Ltd)"
"1022341000033117","laba","Oxis 12 Turbohaler (AstraZeneca UK Ltd)"
"5707141000033110","laba","Indacaterol 300microgram inhalation powder capsules with device"
"1272941000033113","laba","Serevent 50microgram disks (GlaxoSmithKline UK Ltd)"
"3347041000033114","laba","Formoterol 12micrograms/dose inhaler CFC free"
"3855941000033115","laba","Salmeterol 25micrograms/dose inhaler CFC free"
"4063541000033116","laba","Formoterol Easyhaler 12micrograms/dose dry powder inhaler (Orion Pharma (UK) Ltd)"
"1267441000033114","laba","Serevent 50micrograms/dose Accuhaler (GlaxoSmithKline UK Ltd)"
"4063241000033118","laba","Formoterol Dry Powder Inhaler 12 micrograms/actuation, 60 dose"
"3089841000033115","laba","Formoterol 12microgram inhalation powder capsules with device"
"5140041000033112","laba",NA
"13179041000033114","laba","Striverdi Respimat 2.5micrograms/dose inhalation solution refill cartridge (Boehringer Ingelheim Ltd)"
"3089641000033116","laba","Formoterol 6micrograms/dose dry powder inhaler"
"8536141000033111","laba","Vertine 25micrograms/dose inhaler CFC free (Teva UK Ltd)"
"497341000033117","laba",NA
"3164241000033114","laba-ics","Fluticasone propionate 500micrograms/dose / Salmeterol 50micrograms/dose dry powder inhaler"
"3164541000033111","laba-ics","Budesonide 400micrograms/dose / Formoterol 12micrograms/dose dry powder inhaler"
"3164341000033116","laba-ics","Budesonide 100micrograms/dose / Formoterol 6micrograms/dose dry powder inhaler"
"12579441000033119","laba-ics","Combisal 25micrograms/dose / 125micrograms/dose inhaler (Aspire Pharma Ltd)"
"2587641000033117","laba-ics","Symbicort 200/6 Turbohaler (AstraZeneca UK Ltd)"
"13860241000033114","laba-ics","Luforbec 100micrograms/dose / 6micrograms/dose inhaler (Lupin Healthcare (UK) Ltd)"
"12197841000033113","laba-ics","AirFluSal 25micrograms/dose / 125micrograms/dose inhaler (Sandoz Ltd)"
"3164041000033118","laba-ics","Fluticasone propionate 100micrograms/dose / Salmeterol 50micrograms/dose dry powder inhaler"
"2147441000033116","laba-ics","Seretide 250 Evohaler (GlaxoSmithKline UK Ltd)"
"9342841000033118","laba-ics","DuoResp Spiromax 320micrograms/dose / 9micrograms/dose dry powder inhaler (Teva UK Ltd)"
"11899741000033117","laba-ics","Aerivio Spiromax 50micrograms/dose / 500micrograms/dose dry powder inhaler (Teva UK Ltd)"
"3163741000033118","laba-ics","Fluticasone 50micrograms/dose / Salmeterol 25micrograms/dose inhaler CFC free"
"8101641000033112","laba-ics","Fluticasone 50micrograms/dose / Formoterol 5micrograms/dose inhaler CFC free"
"4418141000033112","laba-ics","Beclometasone 100micrograms/dose / Formoterol 6micrograms/dose inhaler CFC free"
"13815341000033114","laba-ics","Fixkoh Airmaster 50micrograms/dose / 100micrograms/dose dry powder inhaler (Thornton & Ross Ltd)"
"8101841000033113","laba-ics","Fluticasone 250micrograms/dose / Formoterol 10micrograms/dose inhaler CFC free"
"8946941000033116","laba-ics","Fluticasone furoate 92micrograms/dose / Vilanterol 22micrograms/dose dry powder inhaler"
"12434441000033111","laba-ics","Fobumix Easyhaler 80micrograms/dose / 4.5micrograms/dose dry powder inhaler (Orion Pharma (UK) Ltd)"
"2147341000033110","laba-ics","Seretide 125 Evohaler (GlaxoSmithKline UK Ltd)"
"2587541000033118","laba-ics","Symbicort 100/6 Turbohaler (AstraZeneca UK Ltd)"
"1752241000033112","laba-ics","Seretide 250 Accuhaler (GlaxoSmithKline UK Ltd)"
"11707241000033115","laba-ics","Budesonide 200micrograms/dose / Formoterol 6micrograms/dose inhaler CFC free"
"3164441000033110","laba-ics","Budesonide 200micrograms/dose / Formoterol 6micrograms/dose dry powder inhaler"
"12635241000033112","laba-ics","Flutiform K-haler 50micrograms/dose / 5micrograms/dose breath actuated inhaler (Napp Pharmaceuticals Ltd)"
"8101941000033117","laba-ics","Flutiform 50micrograms/dose / 5micrograms/dose inhaler (Napp Pharmaceuticals Ltd)"
"8028941000033114","laba-ics",NA
"2147241000033117","laba-ics","Seretide 50 Evohaler (GlaxoSmithKline UK Ltd)"
"8102041000033111","laba-ics","Flutiform 125micrograms/dose / 5micrograms/dose inhaler (Napp Pharmaceuticals Ltd)"
"8947141000033116","laba-ics","Relvar Ellipta 92micrograms/dose / 22micrograms/dose dry powder inhaler (GlaxoSmithKline UK Ltd)"
"10740041000033111","laba-ics","Beclometasone 200micrograms/dose / Formoterol 6micrograms/dose inhaler CFC free"
"13741741000033115","laba-ics","Atectura Breezhaler 125micrograms/62.5micrograms inhalation powder capsules with device (Sandoz Ltd)"
"9531441000033113","laba-ics","Beclometasone 100micrograms/dose / Formoterol 6micrograms/dose dry powder inhaler"
"3164141000033119","laba-ics","Fluticasone propionate 250micrograms/dose / Salmeterol 50micrograms/dose dry powder inhaler"
"13933641000033117","laba-ics","Avenor 25micrograms/dose / 50micrograms/dose inhaler (Zentiva Pharma UK Ltd)"
"1752341000033119","laba-ics","Seretide 500 Accuhaler (GlaxoSmithKline UK Ltd)"
"12370841000033110","laba-ics","Aloflute 25micrograms/dose / 125micrograms/dose inhaler (Viatris UK Healthcare Ltd)"
"10715041000033111","laba-ics","AirFluSal Forspiro 50micrograms/dose / 500micrograms/dose dry powder inhaler (Sandoz Ltd)"
"12635141000033117","laba-ics","Flutiform K-haler 125micrograms/dose / 5micrograms/dose breath actuated inhaler (Napp Pharmaceuticals Ltd)"
"12403741000033110","laba-ics","Fobumix Easyhaler 320micrograms/dose / 9micrograms/dose dry powder inhaler (Orion Pharma (UK) Ltd)"
"10387241000033110","laba-ics","Sirdupla 25micrograms/dose / 250micrograms/dose inhaler (Viatris UK Healthcare Ltd)"
"9537441000033115","laba-ics","Fostair NEXThaler 100micrograms/dose / 6micrograms/dose dry powder inhaler (Chiesi Ltd)"
"10735041000033115","laba-ics","Beclometasone 200micrograms/dose / Formoterol 6micrograms/dose dry powder inhaler"
"10387141000033115","laba-ics","Sirdupla 25micrograms/dose / 125micrograms/dose inhaler (Viatris UK Healthcare Ltd)"
"9342741000033111","laba-ics","DuoResp Spiromax 160micrograms/dose / 4.5micrograms/dose dry powder inhaler (Teva UK Ltd)"
"12370941000033119","laba-ics","Aloflute 25micrograms/dose / 250micrograms/dose inhaler (Viatris UK Healthcare Ltd)"
"8102141000033110","laba-ics","Flutiform 250micrograms/dose / 10micrograms/dose inhaler (Napp Pharmaceuticals Ltd)"
"1752141000033117","laba-ics","Seretide 100 Accuhaler (GlaxoSmithKline UK Ltd)"
"12197941000033117","laba-ics","AirFluSal 25micrograms/dose / 250micrograms/dose inhaler (Sandoz Ltd)"
"12901741000033113","laba-ics","Stalpex 50micrograms/dose / 500micrograms/dose dry powder inhaler (Glenmark Pharmaceuticals Europe Ltd)"
"13743741000033116","laba-ics","Budesonide 100micrograms/dose / Formoterol 3micrograms/dose inhaler CFC free"
"2905641000033115","laba-ics","Symbicort 400/12 Turbohaler (AstraZeneca UK Ltd)"
"8946841000033112","laba-ics","Fluticasone furoate 184micrograms/dose / Vilanterol 22micrograms/dose dry powder inhaler"
"12046641000033114","laba-ics","Sereflo 25micrograms/dose / 125micrograms/dose inhaler (Cipla EU Ltd)"
"5140741000033110","laba-ics",NA
"13815441000033115","laba-ics","Fixkoh Airmaster 50micrograms/dose / 250micrograms/dose dry powder inhaler (Thornton & Ross Ltd)"
"5140541000033119","laba-ics",NA
"12529341000033112","laba-ics","Fusacomb Easyhaler 50micrograms/dose / 500micrograms/dose dry powder inhaler (Orion Pharma (UK) Ltd)"
"12430741000033111","laba-ics","Fobumix Easyhaler 160micrograms/dose / 4.5micrograms/dose dry powder inhaler (Orion Pharma (UK) Ltd)"
"12046741000033117","laba-ics","Sereflo 25micrograms/dose / 250micrograms/dose inhaler (Cipla EU Ltd)"
"8947041000033115","laba-ics","Relvar Ellipta 184micrograms/dose / 22micrograms/dose dry powder inhaler (GlaxoSmithKline UK Ltd)"
"13741241000033114","laba-ics","Indacaterol 125micrograms/dose / Mometasone 127.5micrograms/dose inhalation powder capsules with device"
"8101741000033115","laba-ics","Fluticasone 125micrograms/dose / Formoterol 5micrograms/dose inhaler CFC free"
"10735141000033116","laba-ics","Fostair NEXThaler 200micrograms/dose / 6micrograms/dose dry powder inhaler (Chiesi Ltd)"
"13743941000033118","laba-ics","Symbicort 100micrograms/dose / 3micrograms/dose pressurised inhaler (AstraZeneca UK Ltd)"
"10740141000033110","laba-ics","Fostair 200micrograms/dose / 6micrograms/dose inhaler (Chiesi Ltd)"
"11707341000033113","laba-ics","Symbicort 200micrograms/dose / 6micrograms/dose pressurised inhaler (AstraZeneca UK Ltd)"
"4418241000033117","laba-ics","Fostair 100micrograms/dose / 6micrograms/dose inhaler (Chiesi Ltd)"
"12635041000033116","laba-ics","Fluticasone 50micrograms/dose / Formoterol 5micrograms/dose breath actuated inhaler CFC free"
"3163941000033115","laba-ics","Fluticasone 250micrograms/dose / Salmeterol 25micrograms/dose inhaler CFC free"
"12529241000033119","laba-ics","Fusacomb Easyhaler 50micrograms/dose / 250micrograms/dose dry powder inhaler (Orion Pharma (UK) Ltd)"
"3163841000033111","laba-ics","Fluticasone 125micrograms/dose / Salmeterol 25micrograms/dose inhaler CFC free"
"12634941000033116","laba-ics","Fluticasone 125micrograms/dose / Formoterol 5micrograms/dose breath actuated inhaler CFC free"
"12579541000033118","laba-ics","Combisal 25micrograms/dose / 250micrograms/dose inhaler (Aspire Pharma Ltd)"
"12579341000033113","laba-ics","Combisal 25micrograms/dose / 50micrograms/dose inhaler (Aspire Pharma Ltd)"
"9293341000033116","laba-lama","Anoro Ellipta 55micrograms/dose / 22micrograms/dose dry powder inhaler (GlaxoSmithKline UK Ltd)"
"9293241000033114","laba-lama","Umeclidinium bromide 65micrograms/dose / Vilanterol 22micrograms/dose dry powder inhaler"
"9851941000033115","laba-lama","Indacaterol 85micrograms/dose / Glycopyrronium bromide 54micrograms/dose inhalation powder capsules with device"
"13767941000033116","laba-lama","Glycopyrronium 7.2micrograms/dose / Formoterol 5micrograms/dose inhaler CFC free"
"9995741000033115","laba-lama","Duaklir 340micrograms/dose / 12micrograms/dose Genuair (AstraZeneca UK Ltd)"
"10589141000033112","laba-lama","Tiotropium bromide 2.5micrograms/dose / Olodaterol 2.5micrograms/dose solution for inhalation cartridge with device CFC free"
"13179141000033113","laba-lama","Yanimo Respimat 2.5micrograms/dose / 2.5micrograms/dose inhalation solution cartridge with device (Boehringer Ingelheim Ltd)"
"9995641000033112","laba-lama","Aclidinium bromide 396micrograms/dose / Formoterol 11.8micrograms/dose dry powder inhaler"
"9852041000033114","laba-lama","Ultibro Breezhaler 85microgram/43microgram inhalation powder capsules with device (Novartis Pharmaceuticals UK Ltd)"
"13768041000033118","laba-lama","Bevespi Aerosphere 7.2micrograms/dose / 5micrograms/dose pressurised inhaler (AstraZeneca UK Ltd)"
"13178541000033111","laba-lama","Tiotropium bromide 2.5micrograms/dose / Olodaterol 2.5micrograms/dose inhalation solution cartridge CFC free"
"13178641000033112","laba-lama","Spiolto Respimat 2.5micrograms/dose / 2.5micrograms/dose inhalation solution refill cartridge (Boehringer Ingelheim Ltd)"
"10589241000033117","laba-lama","Spiolto Respimat 2.5micrograms/dose / 2.5micrograms/dose inhalation solution cartridge with device (Boehringer Ingelheim Ltd)"
"11789041000033118","lama","Braltus 10microgram inhalation powder capsules with Zonda inhaler (Teva UK Ltd)"
"13844541000033111","lama","Tiogiva 18microgram inhalation powder capsules with device (Glenmark Pharmaceuticals Europe Ltd)"
"2793541000033114","lama","Tiotropium bromide 18microgram inhalation powder capsules with device"
"9703641000033117","lama","Incruse Ellipta 55micrograms/dose dry powder inhaler (GlaxoSmithKline UK Ltd)"
"8056941000033114","lama","Aclidinium bromide 375micrograms/dose dry powder inhaler"
"13859141000033118","lama","Acopair 18microgram inhalation powder capsules with NeumoHaler (Viatris UK Healthcare Ltd)"
"2793641000033110","lama","Tiotropium bromide 18microgram inhalation powder capsules"
"8141841000033119","lama","Seebri Breezhaler 44microgram inhalation powder capsules with device (Novartis Pharmaceuticals UK Ltd)"
"11788941000033110","lama","Tiotropium bromide 10microgram inhalation powder capsules with device"
"4270641000033112","lama","Tiotropium bromide 2.5micrograms/dose solution for inhalation cartridge with device CFC free"
"8057341000033112","lama","Eklira 322micrograms/dose Genuair (AstraZeneca UK Ltd)"
"13844641000033112","lama","Tiogiva 18microgram inhalation powder capsules (Glenmark Pharmaceuticals Europe Ltd)"
"13178841000033113","lama","Spiriva Respimat 2.5micrograms/dose inhalation solution refill cartridge (Boehringer Ingelheim Ltd)"
"2793841000033111","lama","Spiriva 18microgram inhalation powder capsules (Boehringer Ingelheim Ltd)"
"9703441000033119","lama","Umeclidinium bromide 65micrograms/dose dry powder inhaler"
"8141741000033112","lama","Glycopyrronium bromide 55microgram inhalation powder capsules with device"
"13178741000033115","lama","Tiotropium bromide 2.5micrograms/dose inhalation solution cartridge CFC free"
"4270741000033115","lama","Spiriva Respimat 2.5micrograms/dose inhalation solution cartridge with device (Boehringer Ingelheim Ltd)"
"2793741000033118","lama","Spiriva 18microgram inhalation powder capsules with HandiHaler (Boehringer Ingelheim Ltd)"
"2622741000033114","saba","Pulvinal Salbutamol 200micrograms/dose dry powder inhaler (Chiesi Ltd)"
"1419341000033114","saba","Terbutaline 250micrograms/dose inhaler"
"2086541000033119","saba","Salamol 100micrograms/dose inhaler CFC free (Teva UK Ltd)"
"2726241000033113","saba","Salbutamol 200 Cyclocaps (Teva UK Ltd)"
"130441000033115","saba","Berotec 200micrograms/dose inhaler (Boehringer Ingelheim Ltd)"
"82541000033119","saba","Asmasal 95micrograms/dose Clickhaler (Focus Pharmaceuticals Ltd)"
"1429441000033110","saba",NA
"131241000033111","saba","Berotec Inhaler 100 micrograms/puff"
"1905741000033111","saba","Salbutamol 400microgram inhalation powder capsules"
"1221541000033113","saba",NA
"160941000033118","saba","Bricanyl 250micrograms/dose spacer inhaler (AstraZeneca UK Ltd)"
"22741000033118","saba","Airomir 100micrograms/dose inhaler (Teva UK Ltd)"
"4498941000033110","saba","Salbutamol 100micrograms/dose dry powder inhalation cartridge"
"1505741000033119","saba","Ventolin 200micrograms/dose Accuhaler (GlaxoSmithKline UK Ltd)"
"2174141000033117","saba","Salbutamol 95micrograms/dose dry powder inhaler"
"158441000033117","saba","Bricanyl 250micrograms/dose inhaler (AstraZeneca UK Ltd)"
"1206241000033111","saba","Salbutamol Aerosol inhalation 100 micrograms/metered inhalation"
"567541000033119","saba","Fenoterol 200micrograms/dose inhaler"
"1905641000033119","saba","Salbutamol 200microgram inhalation powder capsules"
"1907641000033113","saba","Salbutamol Dry powder for inhalation 400 micrograms/dose"
"1905441000033116","saba","Salbutamol Insufflator type 4"
"1250241000033117","saba","Salbutamol 400microgram inhalation powder blisters"
"1221441000033112","saba","Salbutamol 100micrograms/dose breath actuated inhaler"
"1206041000033115","saba","Salbutamol Accuhaler 200 micrograms/dose"
"1510541000033116","saba","Ventolin 200microgram Rotacaps (GlaxoSmithKline UK Ltd)"
"4499141000033119","saba","Novolizer Salbulin Inhalation Cartridge Refill 100 micrograms/dose"
"1241441000033110","saba","Salbutamol 100micrograms/dose inhaler"
"857241000033112","saba","Maxivent Inhaler 100 micrograms/puff"
"1241241000033114","saba","Salamol Inhaler 100 micrograms/puff"
"1241941000033117","saba","Salbutamol Inhaler with vortex generating actuator 100 micrograms/dose"
"1252341000033111","saba","Salbutamol Rotacaps 400 micrograms"
"1207741000033115","saba","Salbutamol Autohaler 100 micrograms/puff"
"1506941000033110","saba","Ventodisks 400microgram with Diskhaler (GlaxoSmithKline UK Ltd)"
"1228341000033112","saba","Salbutamol Cyclocaps 200 micrograms"
"1903141000033113","saba",NA
"563541000033110","saba","Fenoterol Hydrobromide With Extension Aerosol inhalation 200 micrograms/puff"
"1222341000033110","saba","Salbutamol 100micrograms/dose inhaler CFC free"
"1714241000033112","saba","Airomir 100micrograms/dose Autohaler (Teva UK Ltd)"
"3343941000033118","saba","Salbutamol 100micrograms/dose dry powder inhaler"
"1510641000033115","saba","Ventolin 400microgram Rotacaps (GlaxoSmithKline UK Ltd)"
"1506841000033119","saba","Ventodisks 200microgram with Diskhaler (GlaxoSmithKline UK Ltd)"
"139041000033119","saba","Berotec Solution 5 mg/ml"
"19841000033111","saba","Aerolin 400 Aerosol inhalation 100 mcg/metered inhalation"
"1228441000033118","saba","Salbutamol Cyclocaps 400 micrograms"
"83741000033117","saba","Asmasal Spacehaler Inhaler with vortex generating actuator 100 micrograms/dose"
"160241000033110","saba","Bricanyl Refill canister 250 micrograms/puff"
"1705441000033110","saba","Ventolin 100micrograms/dose Evohaler (GlaxoSmithKline UK Ltd)"
"569541000033113","saba","Fenoterol Hydrobromide Solution 5 mg/ml"
"1508041000033110","saba","Ventolin Inhaler 100 micrograms/puff"
"2864041000033119","saba","Salbutamol Breath Actuated Pressurised Inhalation 100 micrograms/actuation"
"1510441000033117","saba","Ventodisks 400microgram (GlaxoSmithKline UK Ltd)"
"1579541000033118","saba","Bricanyl Turbohaler Breath-Actuated Dry Powder Inhaler 500 micrograms/dose"
"1510741000033112","saba","Ventolin Rotahaler (GlaxoSmithKline UK Ltd)"
"1714141000033117","saba","Aerolin Autohaler Breath-Actuated Inhaler (Cfc-Free) 100 micrograms/dose"
"20041000033117","saba","Aerolin 100micrograms/dose Autohaler (3M Health Care Ltd)"
"20441000033114","saba","Aerocrom inhaler (Castlemead Healthcare Ltd)"
"3198541000033119","saba","Easyhaler Salbutamol sulfate 100micrograms/dose dry powder inhaler (Orion Pharma (UK) Ltd)"
"567841000033117","saba","Fenoterol Hydrobromide Inhaler 100 micrograms/puff"
"160441000033111","saba","Bricanyl Respirator solution 2.5 mg/ml"
"1228941000033111","saba","Salbutamol 400microgram inhalation powder blisters with device"
"2952141000033110","saba","Salbutamol Breath Actuated Pressurised Inhalation, Cfc-free 100 micrograms/actuation"
"19941000033115","saba","Aerolin Auto Aerosol inhalation 100 micrograms/metered dose"
"157241000033119","saba","Bricanyl Expectorant Elixir"
"6029541000033117","saba","Asmavent 100micrograms/dose inhaler CFC free (Kent Pharma (UK) Ltd)"
"1228841000033115","saba","Salbutamol 200microgram inhalation powder blisters with device"
"3198641000033118","saba","Easyhaler Salbutamol sulfate 200micrograms/dose dry powder inhaler (Orion Pharma (UK) Ltd)"
"1221341000033118","saba","Salamol Easi-Breathe Breath-actuated inhaler 100 micrograms/puff"
"1252441000033117","saba","Salbutamol Rotahaler 1"
"1252241000033118","saba","Salbutamol Rotacaps 200 micrograms"
"1907541000033112","saba","Salbutamol 200micrograms/dose dry powder inhaler"
"2588241000033119","saba","Salamol 100micrograms/dose Easi-Breathe inhaler (Teva UK Ltd)"
"1751341000033111","saba","Salbutamol 100micrograms/dose breath actuated inhaler CFC free"
"1505941000033116","saba","Ventolin Easi-Breathe Breath-actuated inhaler 100 micrograms/puff"
"1255341000033116","saba","Salbutamol Sr Spandet(s) 8 mg"
"1510341000033111","saba","Ventodisks 200microgram (GlaxoSmithKline UK Ltd)"
"1256941000033111","saba","Salbutamol Syrup 1 mg/5 ml"
"5393241000033111","saba","Salbulin Novolizer 100micrograms/dose inhalation powder refill (Viatris UK Healthcare Ltd)"
"163641000033116","saba","Bricanyl 500micrograms/dose Turbohaler (AstraZeneca UK Ltd)"
"1423441000033112","saba","Terbutaline 250micrograms/dose inhaler with spacer"
"128841000033118","saba","Berotec Inhaler with extension 200 micrograms/puff"
"1250141000033112","saba","Salbutamol 200microgram inhalation powder blisters"
"1913441000033115","saba",NA
"4499041000033118","saba","Novolizer Salbulin Inhalation Cartridge + Device 100 micrograms/dose"
"1511441000033114","saba","Ventolin Spandets 8 mg"
"1768141000033111","saba","Salbulin Cfc-free inhaler 100 micrograms/puff"
"8491641000033114","saba","AirSalb 100micrograms/dose inhaler CFC free (Sandoz Ltd)"
"1255041000033118","saba","Salbutamol Spacehaler 100 micrograms/puff"
"1254741000033116","saba","Salbutamol Spandets 8 mg"
"20541000033110","saba","Aerocrom Syncroner with spacer (Castlemead Healthcare Ltd)"
"1422541000033119","saba","Terbutaline Sulfate Refill canister 250 micrograms/puff"
"1241341000033116","saba","Salbulin 100micrograms/dose inhaler (3M Health Care Ltd)"
"1699041000033114","saba","Terbutaline 500micrograms/dose dry powder inhaler"
"1907441000033111","saba","Salbutamol Dry powder disks + disk inhaler 400 micrograms"
"2726341000033115","saba","Salbutamol 400 Cyclocaps (Teva UK Ltd)"
"1907341000033117","saba","Salbutamol Dry powder disks + disk inhaler 200 micrograms"
"5393141000033116","saba","Salbulin Novolizer 100micrograms/dose inhalation powder (Viatris UK Healthcare Ltd)"
"1422741000033110","saba","Terbutaline Sulfate Respirator solution 2.5 mg/ml"
"3344041000033116","saba","Salbutamol Dry Powder Inhaler 200 micrograms/actuation, 200 dose"
"4498841000033119","saba","Salbutamol 100micrograms/dose dry powder inhalation cartridge with device"
"1510841000033119","saba-ics","Ventide Paediatric Rotacaps (GlaxoSmithKline UK Ltd)"
"1511041000033117","saba-ics","Ventide Rotacaps (GlaxoSmithKline UK Ltd)"
"1505841000033112","saba-ics","Ventide inhaler (GlaxoSmithKline UK Ltd)"
"1510941000033110","saba-ics","Ventide Rotahaler (GlaxoSmithKline UK Ltd)"
"1860741000033110","saba-sama","Fenoterol 100micrograms/dose / Ipratropium 40micrograms/dose inhaler"
"485841000033117","saba-sama","Duovent Autohaler (Boehringer Ingelheim Ltd)"
"330241000033113","saba-sama","Combivent inhaler (Boehringer Ingelheim Ltd)"
"3163441000033113","saba-sama","Salbutamol 100micrograms/dose / Ipratropium 20micrograms/dose inhaler"
"488041000033119","saba-sama","Duovent inhaler (Boehringer Ingelheim Ltd)"
"3075541000033113","sama","Atrovent 20micrograms/dose inhaler CFC free (Boehringer Ingelheim Ltd)"
"88241000033118","sama","Atrovent 20micrograms/dose inhaler (Boehringer Ingelheim Ltd)"
"13283241000033112","sama","Ipravent 20micrograms/dose inhaler CFC free (Cipla EU Ltd)"
"772841000033113","sama","Ipratropium bromide 20micrograms/dose breath actuated inhaler"
"88541000033116","sama","Atrovent 20micrograms/dose Autohaler (Boehringer Ingelheim Ltd)"
"12430241000033117","sama","Inhalvent 20micrograms/dose inhaler (Alissa Healthcare Research Ltd)"
"772941000033117","sama","Ipratropium bromide 40microgram inhalation powder capsules"
"773041000033110","sama","Ipratropium bromide 40microgram inhalation powder capsules with device"
"89441000033110","sama","Atrovent Forte 40micrograms/dose inhaler (Boehringer Ingelheim Ltd)"
"88441000033117","sama","Atrovent 40microgram Aerocaps with Aerohaler (Boehringer Ingelheim Ltd)"
"88341000033111","sama","Atrovent 40microgram Aerocaps (Boehringer Ingelheim Ltd)"
"772641000033112","sama","Ipratropium bromide 20micrograms/dose inhaler"
"3075441000033112","sama","Ipratropium bromide 20micrograms/dose inhaler CFC free"
"772541000033111","sama","Ipratropium bromide 40micrograms/dose inhaler"
"12431141000033117","triple","Trelegy Ellipta 92micrograms/dose / 55micrograms/dose / 22micrograms/dose dry powder inhaler (GlaxoSmithKline UK Ltd)"
"13912841000033115","triple","Trimbow NEXThaler 88micrograms/dose / 5micrograms/dose / 9micrograms/dose dry powder inhaler (Chiesi Ltd)"
"13744141000033117","triple","Enerzair Breezhaler 114micrograms/dose / 46micrograms/dose / 136micrograms/dose inhalation powder capsules with device (Sandoz Ltd)"
"13774841000033112","triple","Trixeo Aerosphere 5micrograms/dose / 7.2micrograms/dose / 160micrograms/dose pressurised inhaler (AstraZeneca UK Ltd)"
"12364641000033110","triple","Trimbow 87micrograms/dose / 5micrograms/dose / 9micrograms/dose inhaler (Chiesi Ltd)"
