"prodcodeid","drug_category","term"
"10211941000033118","pde4i","Apremilast 30mg tablets"
"10212041000033112","pde4i","Otezla 30mg tablets (Amgen Ltd)"
"10212141000033111","ocs","Prednisolone 10mg tablets"
"10212341000033114","ocs","Prednisolone 20mg tablets"
"10212441000033115","ocs","Pevanti 2.5mg tablets (Advanz Pharma)"
"10212541000033119","ocs","Pevanti 5mg tablets (Advanz Pharma)"
"10212641000033118","ocs","Pevanti 10mg tablets (Advanz Pharma)"
"10212741000033110","ocs","Pevanti 20mg tablets (Advanz Pharma)"
"10212941000033113","ocs","Pevanti 25mg tablets (Advanz Pharma)"
"1022341000033117","laba","Oxis 12 Turbohaler (AstraZeneca UK Ltd)"
"1022441000033111","laba","Oxis 6 Turbohaler (AstraZeneca UK Ltd)"
"10266841000033117","ocs","Prednisolone 5mg/5ml oral solution unit dose"
"10387141000033115","laba-ics","Sirdupla 25micrograms/dose / 125micrograms/dose inhaler (Viatris UK Healthcare Ltd)"
"10387241000033110","laba-ics","Sirdupla 25micrograms/dose / 250micrograms/dose inhaler (Viatris UK Healthcare Ltd)"
"10494341000033117","ocs","Prednisolone 10mg/ml oral solution sugar free"
"10589141000033112","laba-lama","Tiotropium bromide 2.5micrograms/dose / Olodaterol 2.5micrograms/dose solution for inhalation cartridge with device CFC free"
"10589241000033117","laba-lama","Spiolto Respimat 2.5micrograms/dose / 2.5micrograms/dose inhalation solution cartridge with device (Boehringer Ingelheim Ltd)"
"10715041000033111","laba-ics","AirFluSal Forspiro 50micrograms/dose / 500micrograms/dose dry powder inhaler (Sandoz Ltd)"
"10735041000033115","laba-ics","Beclometasone 200micrograms/dose / Formoterol 6micrograms/dose dry powder inhaler"
"10735141000033116","laba-ics","Fostair NEXThaler 200micrograms/dose / 6micrograms/dose dry powder inhaler (Chiesi Ltd)"
"10740041000033111","laba-ics","Beclometasone 200micrograms/dose / Formoterol 6micrograms/dose inhaler CFC free"
"10740141000033110","laba-ics","Fostair 200micrograms/dose / 6micrograms/dose inhaler (Chiesi Ltd)"
"1114241000033116","ocs","Prednisolone 2.5mg gastro-resistant tablets"
"1114341000033114","ocs","Prednisolone 5mg gastro-resistant tablets"
"1127341000033111","ocs","Prednisolone 5mg soluble tablets"
"1130741000033110","ocs","Prednisolone 25mg tablets"
"1130841000033117","ocs","Prednisolone Steaglate Tablets 6.65 mg"
"1131741000033117","ocs","Prednisolone 1mg tablets"
"1131841000033110","ocs","Prednisolone 2.5mg tablets"
"1131941000033119","ocs","Prednisolone 5mg tablets"
"1132041000033113","ocs","Prednisone Tablets 1 mg"
"1132141000033112","ocs","Prednisone Tablets 5 mg"
"1143041000033117","ics","Pulmicort 200micrograms/dose inhaler (AstraZeneca UK Ltd)"
"1143141000033118","ics","Pulmicort LS 50micrograms/dose inhaler (AstraZeneca UK Ltd)"
"1145141000033119","ics","Pulmicort 200 Turbohaler (AstraZeneca UK Ltd)"
"1145241000033114","ics","Pulmicort 400 Turbohaler (AstraZeneca UK Ltd)"
"1145341000033116","ics","Pulmicort 100 Turbohaler (AstraZeneca UK Ltd)"
"11507841000033115","ocs","Prednisolone 1mg gastro-resistant tablets"
"11664841000033116","ocs","Prednisolone 30mg tablets"
"11707241000033115","laba-ics","Budesonide 200micrograms/dose / Formoterol 6micrograms/dose inhaler CFC free"
"11707341000033113","laba-ics","Symbicort 200micrograms/dose / 6micrograms/dose pressurised inhaler (AstraZeneca UK Ltd)"
"11782841000033117","laba","Soltel 25micrograms/dose inhaler CFC free (Cipla EU Ltd)"
"11788941000033110","lama","Tiotropium bromide 10microgram inhalation powder capsules with device"
"11789041000033118","lama","Braltus 10microgram inhalation powder capsules with Zonda inhaler (Teva UK Ltd)"
"12046641000033114","laba-ics","Sereflo 25micrograms/dose / 125micrograms/dose inhaler (Cipla EU Ltd)"
"12046741000033117","laba-ics","Sereflo 25micrograms/dose / 250micrograms/dose inhaler (Cipla EU Ltd)"
"1205941000033113","laba",NA
"1206041000033115","saba","Salbutamol Accuhaler 200 micrograms/dose"
"1206241000033111","saba","Salbutamol Aerosol inhalation 100 micrograms/metered inhalation"
"1206341000033118","laba","Salmeterol 25micrograms/dose inhaler"
"1207741000033115","saba","Salbutamol Autohaler 100 micrograms/puff"
"12197841000033113","laba-ics","AirFluSal 25micrograms/dose / 125micrograms/dose inhaler (Sandoz Ltd)"
"12197941000033117","laba-ics","AirFluSal 25micrograms/dose / 250micrograms/dose inhaler (Sandoz Ltd)"
"1221341000033118","saba","Salamol Easi-Breathe Breath-actuated inhaler 100 micrograms/puff"
"1221441000033112","saba","Salbutamol 100micrograms/dose breath actuated inhaler"
"1221541000033113","saba",NA
"1222341000033110","saba","Salbutamol 100micrograms/dose inhaler CFC free"
"1228341000033112","saba","Salbutamol Cyclocaps 200 micrograms"
"1228441000033118","saba","Salbutamol Cyclocaps 400 micrograms"
"1228741000033113","laba","Salmeterol Xinafoate Disks with diskhaler 50 micrograms/blister"
"1228841000033115","saba","Salbutamol 200microgram inhalation powder blisters with device"
"1228941000033111","saba","Salbutamol 400microgram inhalation powder blisters with device"
"12364641000033110","triple","Trimbow 87micrograms/dose / 5micrograms/dose / 9micrograms/dose inhaler (Chiesi Ltd)"
"12370841000033110","laba-ics","Aloflute 25micrograms/dose / 125micrograms/dose inhaler (Viatris UK Healthcare Ltd)"
"12370941000033119","laba-ics","Aloflute 25micrograms/dose / 250micrograms/dose inhaler (Viatris UK Healthcare Ltd)"
"12395841000033112","abx","Cefixime 400mg tablets"
"12403741000033110","laba-ics","Fobumix Easyhaler 320micrograms/dose / 9micrograms/dose dry powder inhaler (Orion Pharma (UK) Ltd)"
"1241241000033114","saba","Salamol Inhaler 100 micrograms/puff"
"1241341000033116","saba","Salbulin 100micrograms/dose inhaler (3M Health Care Ltd)"
"1241441000033110","saba","Salbutamol 100micrograms/dose inhaler"
"1241941000033117","saba","Salbutamol Inhaler with vortex generating actuator 100 micrograms/dose"
"12430741000033111","laba-ics","Fobumix Easyhaler 160micrograms/dose / 4.5micrograms/dose dry powder inhaler (Orion Pharma (UK) Ltd)"
"12431141000033117","triple","Trelegy Ellipta 92micrograms/dose / 55micrograms/dose / 22micrograms/dose dry powder inhaler (GlaxoSmithKline UK Ltd)"
"12434441000033111","laba-ics","Fobumix Easyhaler 80micrograms/dose / 4.5micrograms/dose dry powder inhaler (Orion Pharma (UK) Ltd)"
"1250141000033112","saba","Salbutamol 200microgram inhalation powder blisters"
"1250241000033117","saba","Salbutamol 400microgram inhalation powder blisters"
"1252041000033114","laba","Salmeterol 50microgram inhalation powder blisters"
"1252241000033118","saba","Salbutamol Rotacaps 200 micrograms"
"1252341000033111","saba","Salbutamol Rotacaps 400 micrograms"
"1252441000033117","saba","Salbutamol Rotahaler 1"
"12529241000033119","laba-ics","Fusacomb Easyhaler 50micrograms/dose / 250micrograms/dose dry powder inhaler (Orion Pharma (UK) Ltd)"
"12529341000033112","laba-ics","Fusacomb Easyhaler 50micrograms/dose / 500micrograms/dose dry powder inhaler (Orion Pharma (UK) Ltd)"
"12530441000033112","ics","Kelhale 100micrograms/dose inhaler (Cipla EU Ltd)"
"12530541000033113","ics","Kelhale 50micrograms/dose inhaler (Cipla EU Ltd)"
"1255041000033118","saba","Salbutamol Spacehaler 100 micrograms/puff"
"12579341000033113","laba-ics","Combisal 25micrograms/dose / 50micrograms/dose inhaler (Aspire Pharma Ltd)"
"12579441000033119","laba-ics","Combisal 25micrograms/dose / 125micrograms/dose inhaler (Aspire Pharma Ltd)"
"12579541000033118","laba-ics","Combisal 25micrograms/dose / 250micrograms/dose inhaler (Aspire Pharma Ltd)"
"12634941000033116","laba-ics","Fluticasone 125micrograms/dose / Formoterol 5micrograms/dose breath actuated inhaler CFC free"
"12635041000033116","laba-ics","Fluticasone 50micrograms/dose / Formoterol 5micrograms/dose breath actuated inhaler CFC free"
"12635141000033117","laba-ics","Flutiform K-haler 125micrograms/dose / 5micrograms/dose breath actuated inhaler (Napp Pharmaceuticals Ltd)"
"12635241000033112","laba-ics","Flutiform K-haler 50micrograms/dose / 5micrograms/dose breath actuated inhaler (Napp Pharmaceuticals Ltd)"
"12666141000033117","pde4i","Roflumilast 250microgram tablets"
"1267441000033114","laba","Serevent 50micrograms/dose Accuhaler (GlaxoSmithKline UK Ltd)"
"1267641000033111","laba","Serevent 25micrograms/dose inhaler (GlaxoSmithKline UK Ltd)"
"1268941000033117","laba","Serevent 50microgram disks with Diskhaler (GlaxoSmithKline UK Ltd)"
"1272941000033113","laba","Serevent 50microgram disks (GlaxoSmithKline UK Ltd)"
"12901341000033112","ics","Soprobec 50micrograms/dose inhaler (Glenmark Pharmaceuticals Europe Ltd)"
"12901441000033118","ics","Soprobec 100micrograms/dose inhaler (Glenmark Pharmaceuticals Europe Ltd)"
"12901541000033117","ics","Soprobec 200micrograms/dose inhaler (Glenmark Pharmaceuticals Europe Ltd)"
"12901641000033116","ics","Soprobec 250micrograms/dose inhaler (Glenmark Pharmaceuticals Europe Ltd)"
"12901741000033113","laba-ics","Stalpex 50micrograms/dose / 500micrograms/dose dry powder inhaler (Glenmark Pharmaceuticals Europe Ltd)"
"13178541000033111","laba-lama","Tiotropium bromide 2.5micrograms/dose / Olodaterol 2.5micrograms/dose inhalation solution cartridge CFC free"
"13178641000033112","laba-lama","Spiolto Respimat 2.5micrograms/dose / 2.5micrograms/dose inhalation solution refill cartridge (Boehringer Ingelheim Ltd)"
"13178741000033115","lama","Tiotropium bromide 2.5micrograms/dose inhalation solution cartridge CFC free"
"13178841000033113","lama","Spiriva Respimat 2.5micrograms/dose inhalation solution refill cartridge (Boehringer Ingelheim Ltd)"
"13178941000033117","laba","Olodaterol 2.5micrograms/dose inhalation solution cartridge CFC free"
"13179041000033114","laba","Striverdi Respimat 2.5micrograms/dose inhalation solution refill cartridge (Boehringer Ingelheim Ltd)"
"13300741000033118","abx","Erythromycin stearate 500mg tablets"
"1419341000033114","saba","Terbutaline 250micrograms/dose inhaler"
"1422541000033119","saba","Terbutaline Sulfate Refill canister 250 micrograms/puff"
"1423441000033112","saba","Terbutaline 250micrograms/dose inhaler with spacer"
"1429441000033110","saba",NA
"1505741000033119","saba","Ventolin 200micrograms/dose Accuhaler (GlaxoSmithKline UK Ltd)"
"1505941000033116","saba","Ventolin Easi-Breathe Breath-actuated inhaler 100 micrograms/puff"
"1508041000033110","saba","Ventolin Inhaler 100 micrograms/puff"
"1510541000033116","saba","Ventolin 200microgram Rotacaps (GlaxoSmithKline UK Ltd)"
"1510641000033115","saba","Ventolin 400microgram Rotacaps (GlaxoSmithKline UK Ltd)"
"1510741000033112","saba","Ventolin Rotahaler (GlaxoSmithKline UK Ltd)"
"1553141000033111","abx","Zithromax 250mg capsules (Pfizer Ltd)"
"1556241000033110","abx","Zinnat Suspension 125mg granules sachets (GlaxoSmithKline UK Ltd)"
"1557041000033117","abx","Zinnat 125mg/5ml oral suspension (GlaxoSmithKline UK Ltd)"
"1557141000033118","abx","Zithromax 200mg/5ml oral suspension (Pfizer Ltd)"
"1557341000033115","abx","Zinnat 250mg tablets (GlaxoSmithKline UK Ltd)"
"1558241000033114","abx","Zinnat 125mg tablets (GlaxoSmithKline UK Ltd)"
"157241000033119","saba","Bricanyl Expectorant Elixir"
"1572841000033112","abx","Azithromycin 500mg tablets"
"1579541000033118","saba","Bricanyl Turbohaler Breath-Actuated Dry Powder Inhaler 500 micrograms/dose"
"1582841000033117","abx","Ciproxin 250mg/5ml oral suspension (Bayer Plc)"
"1582941000033113","abx","Ciprofloxacin 250mg/5ml oral suspension"
"158441000033117","saba","Bricanyl 250micrograms/dose inhaler (AstraZeneca UK Ltd)"
"1594141000033117","abx","Co-amoxiclav 875mg/125mg tablets"
"160241000033110","saba","Bricanyl Refill canister 250 micrograms/puff"
"1603241000033119","abx","Doxycycline 50mg capsules"
"160941000033118","saba","Bricanyl 250micrograms/dose spacer inhaler (AstraZeneca UK Ltd)"
"1626241000033115","abx","Levofloxacin 250mg tablets"
"1626341000033113","abx","Levofloxacin 500mg tablets"
"163641000033116","saba","Bricanyl 500micrograms/dose Turbohaler (AstraZeneca UK Ltd)"
"163741000033113","ics","Budesonide 200micrograms/dose inhaler"
"163841000033115","ics","Budesonide 50micrograms/dose inhaler"
"1671041000033116","ics","Qvar 50 inhaler (Teva UK Ltd)"
"1671141000033117","ics","Qvar 100 inhaler (Teva UK Ltd)"
"1671241000033112","ics","Qvar 50 Autohaler (Teva UK Ltd)"
"1671341000033119","ics","Qvar 100 Autohaler (Teva UK Ltd)"
"1698741000033115","abx","Tavanic 250mg tablets (Sanofi)"
"1698841000033113","abx","Tavanic 500mg tablets (Sanofi)"
"1699041000033114","saba","Terbutaline 500micrograms/dose dry powder inhaler"
"1705441000033110","saba","Ventolin 100micrograms/dose Evohaler (GlaxoSmithKline UK Ltd)"
"1713741000033116","abx","Zithromax 500mg tablets (Pfizer Ltd)"
"1714241000033112","saba","Airomir 100micrograms/dose Autohaler (Teva UK Ltd)"
"1751341000033111","saba","Salbutamol 100micrograms/dose breath actuated inhaler CFC free"
"1752141000033117","laba-ics","Seretide 100 Accuhaler (GlaxoSmithKline UK Ltd)"
"1752241000033112","laba-ics","Seretide 250 Accuhaler (GlaxoSmithKline UK Ltd)"
"1752341000033119","laba-ics","Seretide 500 Accuhaler (GlaxoSmithKline UK Ltd)"
"1768141000033111","saba","Salbulin Cfc-free inhaler 100 micrograms/puff"
"1830541000033112","abx","Clarithromycin 250mg/5ml oral suspension"
"1830641000033113","abx","Klaricid Paediatric 250mg/5ml oral suspension (Viatris UK Healthcare Ltd)"
"1860741000033110","saba-sama","Fenoterol 100micrograms/dose / Ipratropium 40micrograms/dose inhaler"
"1903141000033113","saba",NA
"1905441000033116","saba","Salbutamol Insufflator type 4"
"1905641000033119","saba","Salbutamol 200microgram inhalation powder capsules"
"1905741000033111","saba","Salbutamol 400microgram inhalation powder capsules"
"1907341000033117","saba","Salbutamol Dry powder disks + disk inhaler 200 micrograms"
"1907441000033111","saba","Salbutamol Dry powder disks + disk inhaler 400 micrograms"
"1907541000033112","saba","Salbutamol 200micrograms/dose dry powder inhaler"
"1907641000033113","saba","Salbutamol Dry powder for inhalation 400 micrograms/dose"
"1913441000033115","saba",NA
"1914141000033114","laba","Salmeterol 50micrograms/dose dry powder inhaler"
"1914241000033119","laba","Salmeterol 50microgram inhalation powder blisters with device"
"1914341000033112","ics","Fluticasone propionate 50micrograms/dose dry powder inhaler"
"1914441000033118","ics","Fluticasone propionate 100micrograms/dose dry powder inhaler"
"1914541000033117","ics","Fluticasone propionate 250micrograms/dose dry powder inhaler"
"1914641000033116","ics","Fluticasone propionate 500micrograms/dose dry powder inhaler"
"1914741000033113","ics","Fluticasone propionate 50microgram inhalation powder blisters with device"
"1914841000033115","ics","Fluticasone propionate 100microgram inhalation powder blisters with device"
"1914941000033111","ics","Fluticasone propionate 250microgram inhalation powder blisters with device"
"1915041000033111","ics","Fluticasone propionate 500microgram inhalation powder blisters with device"
"1924941000033118","abx","Erythromycin 250mg gastro-resistant tablets"
"2067541000033118","ics","Flixotide 125micrograms/dose Evohaler (GlaxoSmithKline UK Ltd)"
"2067641000033117","ics","Flixotide 250micrograms/dose Evohaler (GlaxoSmithKline UK Ltd)"
"2067741000033114","ics","Fluticasone 125micrograms/dose inhaler CFC free"
"2067841000033116","ics","Fluticasone 250micrograms/dose inhaler CFC free"
"2086541000033119","saba","Salamol 100micrograms/dose inhaler CFC free (Teva UK Ltd)"
"2147241000033117","laba-ics","Seretide 50 Evohaler (GlaxoSmithKline UK Ltd)"
"2147341000033110","laba-ics","Seretide 125 Evohaler (GlaxoSmithKline UK Ltd)"
"2147441000033116","laba-ics","Seretide 250 Evohaler (GlaxoSmithKline UK Ltd)"
"2148441000033115","ics","Fluticasone 50micrograms/dose inhaler CFC free"
"2148541000033119","ics","Flixotide 50micrograms/dose Evohaler (GlaxoSmithKline UK Ltd)"
"2174141000033117","saba","Salbutamol 95micrograms/dose dry powder inhaler"
"219741000033111","abx","Cefaclor 500mg capsules"
"220441000033115","abx","Cefaclor 250mg capsules"
"22741000033118","saba","Airomir 100micrograms/dose inhaler (Teva UK Ltd)"
"227741000033114","abx","Cefaclor 375mg modified-release tablets"
"228941000033111","abx","Cefuroxime 125mg granules sachets"
"230041000033114","abx","Cefixime 100mg/5ml oral suspension"
"230141000033113","abx","Cefuroxime 125mg/5ml oral suspension"
"230741000033112","abx","Cefaclor 125mg/5ml oral suspension sugar free"
"230841000033119","abx","Cefaclor 250mg/5ml oral suspension sugar free"
"230941000033110","abx","Cefaclor 125mg/5ml oral suspension"
"231741000033119","abx","Cefaclor 250mg/5ml oral suspension"
"232741000033113","abx","Cefixime 200mg tablets"
"233041000033118","abx","Cefuroxime 250mg tablets"
"235441000033111","abx","Cefuroxime 125mg tablets"
"2509341000033118","ocs","*Prednisolone Tablets"
"2509441000033112","ocs",NA
"2509541000033113","ocs","*Prednisolone Liquid"
"2509641000033114","ocs",NA
"2509741000033117","ocs","*Prednisolone Pills (Sucrose)"
"258741000033114","abx","Ciproxin 500mg tablets (Bayer Plc)"
"2587541000033118","laba-ics","Symbicort 100/6 Turbohaler (AstraZeneca UK Ltd)"
"2587641000033117","laba-ics","Symbicort 200/6 Turbohaler (AstraZeneca UK Ltd)"
"2588241000033119","saba","Salamol 100micrograms/dose Easi-Breathe inhaler (Teva UK Ltd)"
"258841000033116","abx","Ciprofloxacin 500mg tablets"
"258941000033112","abx","Ciproxin 750mg tablets (Bayer Plc)"
"259041000033115","abx","Ciprofloxacin 750mg tablets"
"259341000033118","abx","Ciprofloxacin 100mg tablets"
"259441000033112","abx","Ciproxin 100mg tablets (Bayer Plc)"
"259641000033114","abx","Ciproxin 250mg tablets (Bayer Plc)"
"260241000033112","abx","Ciprofloxacin 250mg tablets"
"2622741000033114","saba","Pulvinal Salbutamol 200micrograms/dose dry powder inhaler (Chiesi Ltd)"
"2623141000033115","ics","Pulvinal Beclometasone Dipropionate 100micrograms/dose dry powder inhaler (Chiesi Ltd)"
"2623241000033110","ics","Pulvinal Beclometasone Dipropionate 200micrograms/dose dry powder inhaler (Chiesi Ltd)"
"2623341000033117","ics","Pulvinal Beclometasone Dipropionate 400micrograms/dose dry powder inhaler (Chiesi Ltd)"
"2725541000033116","ics","Beclometasone 100 Cyclocaps (Teva UK Ltd)"
"2725641000033115","ics","Beclometasone 200 Cyclocaps (Teva UK Ltd)"
"2725741000033112","ics","Beclometasone 400 Cyclocaps (Teva UK Ltd)"
"2725841000033119","ics","Budesonide 200microgram inhalation powder capsules"
"2725941000033110","ics","Budesonide 400microgram inhalation powder capsules"
"2726041000033117","ics","Budesonide 200 Cyclocaps (Teva UK Ltd)"
"2726141000033118","ics","Budesonide 400 Cyclocaps (Teva UK Ltd)"
"2726241000033113","saba","Salbutamol 200 Cyclocaps (Teva UK Ltd)"
"2726341000033115","saba","Salbutamol 400 Cyclocaps (Teva UK Ltd)"
"277841000033115","abx","Clarithromycin 500mg modified-release tablets"
"278241000033118","abx","Clarithromycin 125mg/5ml oral suspension"
"2793541000033114","lama","Tiotropium bromide 18microgram inhalation powder capsules with device"
"2793641000033110","lama","Tiotropium bromide 18microgram inhalation powder capsules"
"2793741000033118","lama","Spiriva 18microgram inhalation powder capsules with HandiHaler (Boehringer Ingelheim Ltd)"
"2793841000033111","lama","Spiriva 18microgram inhalation powder capsules (Boehringer Ingelheim Ltd)"
"2798341000033112","ics","Pulmicort 200micrograms/dose inhaler with Nebuchamber (AstraZeneca UK Ltd)"
"282141000033118","abx","Clarithromycin 250mg granules sachets"
"285341000033110","abx","Clarithromycin 500mg tablets"
"2864041000033119","saba","Salbutamol Breath Actuated Pressurised Inhalation 100 micrograms/actuation"
"287441000033111","abx","Clarithromycin 250mg tablets"
"2890241000033119","abx","Moxifloxacin 400mg tablets"
"2890341000033112","abx","Avelox 400mg tablets (Bayer Plc)"
"2905641000033115","laba-ics","Symbicort 400/12 Turbohaler (AstraZeneca UK Ltd)"
"2952141000033110","saba","Salbutamol Breath Actuated Pressurised Inhalation, Cfc-free 100 micrograms/actuation"
"3075441000033112","sama","Ipratropium bromide 20micrograms/dose inhaler CFC free"
"3075541000033113","sama","Atrovent 20micrograms/dose inhaler CFC free (Boehringer Ingelheim Ltd)"
"3079141000033118","abx","Amoxicillin 250mg capsules"
"3079241000033113","abx","Amoxicillin 500mg capsules"
"3079641000033111","abx","Amoxicillin 125mg/5ml oral suspension"
"3079741000033119","abx","Amoxicillin 250mg/5ml oral suspension"
"3079841000033112","abx","Amoxicillin 125mg/1.25ml oral suspension paediatric"
"3079941000033116","abx","Amoxicillin 3g oral powder sachets sugar free"
"3080041000033117","abx","Amoxicillin 125mg/5ml oral suspension sugar free"
"3080141000033118","abx","Amoxicillin 250mg/5ml oral suspension sugar free"
"3080441000033114","ics","Beclometasone 250micrograms/dose inhaler"
"3080541000033110","ics","Beclometasone 250micrograms/dose breath actuated inhaler"
"3080641000033111","ics","Beclometasone 50micrograms/dose breath actuated inhaler"
"3080741000033119","ics","Beclometasone 100micrograms/dose breath actuated inhaler"
"3081041000033114","ics","Beclometasone 100microgram inhalation powder blisters with device"
"3081141000033113","ics","Beclometasone 200microgram inhalation powder blisters with device"
"3081241000033118","ics","Beclometasone 400microgram inhalation powder blisters with device"
"3081341000033111","ics","Beclometasone 100microgram inhalation powder blisters"
"3081441000033117","ics","Beclometasone 200microgram inhalation powder blisters"
"3081541000033116","ics","Beclometasone 400microgram inhalation powder blisters"
"3081641000033115","ics","Beclometasone 200micrograms/dose inhaler"
"3081741000033112","ics","Beclometasone 100micrograms/dose inhaler"
"3081841000033119","ics","Beclometasone 50micrograms/dose inhaler"
"3081941000033110","ics","Beclometasone 400microgram inhalation powder capsules"
"3082041000033116","ics","Beclometasone 100microgram inhalation powder capsules"
"3082141000033117","ics","Beclometasone 200microgram inhalation powder capsules"
"3082241000033112","ics","Beclometasone 50micrograms/dose dry powder inhaler"
"3082341000033119","ics","Beclometasone 100micrograms/dose dry powder inhaler"
"3082441000033113","ics","Beclometasone 250micrograms/dose dry powder inhaler"
"3082541000033114","ics","Beclometasone 400micrograms/dose dry powder inhaler"
"3082641000033110","ics","Beclometasone 200micrograms/dose dry powder inhaler"
"3082741000033118","ics","Beclometasone 50micrograms/dose inhaler CFC free"
"3082841000033111","ics","Beclometasone 100micrograms/dose inhaler CFC free"
"3082941000033115","ics","Beclometasone 50micrograms/dose breath actuated inhaler CFC free"
"3083041000033113","ics","Beclometasone 100micrograms/dose breath actuated inhaler CFC free"
"3084041000033111","abx","Cefalexin 250mg capsules"
"3084141000033110","abx","Cefalexin 500mg capsules"
"3084241000033115","abx","Cefalexin 250mg tablets"
"3084341000033113","abx","Cefalexin 500mg tablets"
"3084441000033119","abx","Cefalexin 125mg/5ml oral suspension"
"3084541000033118","abx","Cefalexin 250mg/5ml oral suspension"
"3084641000033117","abx","Cefalexin 500mg/5ml oral suspension"
"3084741000033114","abx","Cefradine 250mg capsules"
"3084841000033116","abx","Cefradine 500mg capsules"
"3085141000033111","abx","Cefradine 250mg/5ml oral solution"
"3089341000033112","abx","Doxycycline 100mg capsules"
"3089441000033118","abx","Doxycycline 100mg dispersible tablets sugar free"
"3089541000033117","abx","Doxycycline 20mg tablets"
"3089641000033116","laba","Formoterol 6micrograms/dose dry powder inhaler"
"3089741000033113","laba","Formoterol 12micrograms/dose dry powder inhaler"
"3089841000033115","laba","Formoterol 12microgram inhalation powder capsules with device"
"3141341000033112","ics","Budesonide 200micrograms/dose dry powder inhalation cartridge with device"
"3163441000033113","saba-sama","Salbutamol 100micrograms/dose / Ipratropium 20micrograms/dose inhaler"
"3163741000033118","laba-ics","Fluticasone 50micrograms/dose / Salmeterol 25micrograms/dose inhaler CFC free"
"3163841000033111","laba-ics","Fluticasone 125micrograms/dose / Salmeterol 25micrograms/dose inhaler CFC free"
"3163941000033115","laba-ics","Fluticasone 250micrograms/dose / Salmeterol 25micrograms/dose inhaler CFC free"
"3164041000033118","laba-ics","Fluticasone propionate 100micrograms/dose / Salmeterol 50micrograms/dose dry powder inhaler"
"3164141000033119","laba-ics","Fluticasone propionate 250micrograms/dose / Salmeterol 50micrograms/dose dry powder inhaler"
"3164241000033114","laba-ics","Fluticasone propionate 500micrograms/dose / Salmeterol 50micrograms/dose dry powder inhaler"
"3164341000033116","laba-ics","Budesonide 100micrograms/dose / Formoterol 6micrograms/dose dry powder inhaler"
"3164441000033110","laba-ics","Budesonide 200micrograms/dose / Formoterol 6micrograms/dose dry powder inhaler"
"3164541000033111","laba-ics","Budesonide 400micrograms/dose / Formoterol 12micrograms/dose dry powder inhaler"
"317741000033113","abx","Co-amoxiclav 250mg/125mg dispersible tablets sugar free"
"3198541000033119","saba","Easyhaler Salbutamol sulfate 100micrograms/dose dry powder inhaler (Orion Pharma (UK) Ltd)"
"3198641000033118","saba","Easyhaler Salbutamol sulfate 200micrograms/dose dry powder inhaler (Orion Pharma (UK) Ltd)"
"3199241000033112","ics","Qvar 50micrograms/dose Easi-Breathe inhaler (Teva UK Ltd)"
"3199341000033119","ics","Qvar 100micrograms/dose Easi-Breathe inhaler (Teva UK Ltd)"
"3227441000033112","ics","Ciclesonide 80micrograms/dose inhaler CFC free"
"3227641000033114","ics","Alvesco 80 inhaler (AstraZeneca UK Ltd)"
"3256341000033119","ics","Budesonide 200micrograms/dose dry powder inhalation cartridge"
"330241000033113","saba-sama","Combivent inhaler (Boehringer Ingelheim Ltd)"
"3343041000033119","ics","Easyhaler Beclometasone 200micrograms/dose dry powder inhaler (Orion Pharma (UK) Ltd)"
"3343941000033118","saba","Salbutamol 100micrograms/dose dry powder inhaler"
"3344041000033116","saba","Salbutamol Dry Powder Inhaler 200 micrograms/actuation, 200 dose"
"3347041000033114","laba","Formoterol 12micrograms/dose inhaler CFC free"
"3347141000033113","laba","Atimos Modulite 12micrograms/dose inhaler (Chiesi Ltd)"
"366941000033113","abx","Co-amoxiclav 125mg/31mg/5ml oral suspension sugar free"
"367041000033114","abx","Co-amoxiclav 250mg/62mg/5ml oral suspension sugar free"
"367541000033116","abx","Co-amoxiclav 400mg/57mg/5ml oral suspension sugar free"
"370041000033115","abx","Co-amoxiclav 250mg/125mg tablets"
"370141000033116","abx","Co-amoxiclav 500mg/125mg tablets"
"3838541000033117","abx","Clarithromycin 125mg granules straws"
"3838641000033116","abx","Clarithromycin 187.5mg granules straws"
"3838741000033113","abx","Clarithromycin 250mg granules straws"
"3855941000033115","laba","Salmeterol 25micrograms/dose inhaler CFC free"
"3856041000033113","laba","Serevent 25micrograms/dose Evohaler (GlaxoSmithKline UK Ltd)"
"3871541000033110","ics","Budesonide 100micrograms/dose dry powder inhaler"
"3871641000033111","ics","Budesonide 200micrograms/dose dry powder inhaler"
"3871741000033119","ics","Budesonide 400micrograms/dose dry powder inhaler"
"3871841000033112","ics","Easyhaler Budesonide 100micrograms/dose dry powder inhaler (Orion Pharma (UK) Ltd)"
"3871941000033116","ics","Easyhaler Budesonide 200micrograms/dose dry powder inhaler (Orion Pharma (UK) Ltd)"
"3872041000033110","ics","Easyhaler Budesonide 400micrograms/dose dry powder inhaler (Orion Pharma (UK) Ltd)"
"3942841000033114","ics","Beclometasone 200micrograms/dose inhaler CFC free"
"3942941000033118","ics","Beclometasone 250micrograms/dose inhaler CFC free"
"3943041000033111","ics","Clenil Modulite 50micrograms/dose inhaler (Chiesi Ltd)"
"3943341000033113","ics","Clenil Modulite 100micrograms/dose inhaler (Chiesi Ltd)"
"3943441000033119","ics","Clenil Modulite 200micrograms/dose inhaler (Chiesi Ltd)"
"3943641000033117","ics","Clenil Modulite 250micrograms/dose inhaler (Chiesi Ltd)"
"3955441000033115","abx","Azithromycin 250mg tablets"
"4063241000033118","laba","Formoterol Dry Powder Inhaler 12 micrograms/actuation, 60 dose"
"4063341000033111","laba","Formoterol Dry Powder Inhaler 12 micrograms/actuation, 120 dose"
"4063541000033116","laba","Formoterol Easyhaler 12micrograms/dose dry powder inhaler (Orion Pharma (UK) Ltd)"
"4270641000033112","lama","Tiotropium bromide 2.5micrograms/dose solution for inhalation cartridge with device CFC free"
"4270741000033115","lama","Spiriva Respimat 2.5micrograms/dose inhalation solution cartridge with device (Boehringer Ingelheim Ltd)"
"429141000033119","ocs","Decortisyl Tablets 5 mg"
"429441000033110","ocs","Deltastab Tablets 1 mg"
"429541000033111","ocs","Deltastab Tablets 5 mg"
"431541000033114","ocs","Deltacortril 2.5mg gastro-resistant tablets (Phoenix Labs Ltd)"
"431641000033110","ocs","Deltacortril 5mg gastro-resistant tablets (Phoenix Labs Ltd)"
"4373141000033119","abx","Cefalexin 250mg/5ml oral suspension sugar free"
"44041000033113","abx","Amoxil 250mg capsules (GlaxoSmithKline UK Ltd)"
"44141000033112","abx","Amoxil 500mg capsules (GlaxoSmithKline UK Ltd)"
"4418141000033112","laba-ics","Beclometasone 100micrograms/dose / Formoterol 6micrograms/dose inhaler CFC free"
"4418241000033117","laba-ics","Fostair 100micrograms/dose / 6micrograms/dose inhaler (Chiesi Ltd)"
"4498841000033119","saba","Salbutamol 100micrograms/dose dry powder inhalation cartridge with device"
"4498941000033110","saba","Salbutamol 100micrograms/dose dry powder inhalation cartridge"
"4499041000033118","saba","Novolizer Salbulin Inhalation Cartridge + Device 100 micrograms/dose"
"4499141000033119","saba","Novolizer Salbulin Inhalation Cartridge Refill 100 micrograms/dose"
"4815041000033111","ics","Budesonide 100micrograms/dose inhaler CFC free"
"4815141000033110","ics","Budesonide 200micrograms/dose inhaler CFC free"
"4815241000033115","ics","Pulmicort 100micrograms/dose inhaler CFC free (AstraZeneca UK Ltd)"
"4815341000033113","ics","Pulmicort 200micrograms/dose inhaler CFC free (AstraZeneca UK Ltd)"
"4823241000033113","ics","Ciclesonide 160micrograms/dose inhaler CFC free"
"4823341000033115","ics","Alvesco 160 inhaler (AstraZeneca UK Ltd)"
"497341000033117","laba",NA
"497441000033111","laba",NA
"498041000033115","laba",NA
"5140041000033112","laba",NA
"5140141000033111","laba",NA
"5140541000033119","laba-ics",NA
"5140741000033110","laba-ics",NA
"5150141000033114","abx","Doxycycline 40mg modified-release capsules"
"52841000033110","abx","Amoxil 125mg/1.25ml paediatric oral suspension (GlaxoSmithKline UK Ltd)"
"534241000033118","abx","Erythromycin 250mg gastro-resistant capsules"
"536141000033119","abx","Erythroped PI SF 125mg/5ml oral suspension (Advanz Pharma)"
"536941000033117","abx","Erythromycin stearate 250mg tablets"
"537241000033112","abx","Erythroped Forte SF 500mg/5ml oral suspension (Advanz Pharma)"
"537341000033119","abx","Erythroped SF 250mg/5ml oral suspension (Advanz Pharma)"
"537441000033113","abx","Erythromycin ethyl succinate 125mg/5ml oral suspension sugar free"
"537541000033114","abx","Erythromycin ethyl succinate 250mg/5ml oral suspension sugar free"
"537641000033110","abx","Erythromycin ethyl succinate 125mg/5ml oral suspension"
"537741000033118","abx","Erythromycin ethyl succinate 250mg/5ml oral suspension"
"537841000033111","abx","Erythromycin ethyl succinate 500mg/5ml oral suspension"
"537941000033115","abx","Erythromycin ethyl succinate 500mg/5ml oral suspension sugar free"
"538841000033112","abx","Erythromycin ethyl succinate 500mg tablets"
"5393141000033116","saba","Salbulin Novolizer 100micrograms/dose inhalation powder (Viatris UK Healthcare Ltd)"
"5393241000033111","saba","Salbulin Novolizer 100micrograms/dose inhalation powder refill (Viatris UK Healthcare Ltd)"
"5393341000033118","ics","Budelin Novolizer 200micrograms/dose inhalation powder (Viatris UK Healthcare Ltd)"
"5393441000033112","ics","Budelin Novolizer 200micrograms/dose inhalation powder refill (Viatris UK Healthcare Ltd)"
"540141000033115","abx","Erythroped A 500mg tablets (Advanz Pharma)"
"55941000033112","abx","Amoxil 125mg/5ml syrup sucrose free (GlaxoSmithKline UK Ltd)"
"56041000033119","abx","Amoxil 250mg/5ml syrup sucrose free (GlaxoSmithKline UK Ltd)"
"563541000033110","saba","Fenoterol Hydrobromide With Extension Aerosol inhalation 200 micrograms/puff"
"567541000033119","saba","Fenoterol 200micrograms/dose inhaler"
"567841000033117","saba","Fenoterol Hydrobromide Inhaler 100 micrograms/puff"
"5697041000033116","abx","Co-amoxiclav 125mg/31mg/5ml oral suspension"
"5697141000033117","abx","Co-amoxiclav 250mg/62mg/5ml oral suspension"
"5707041000033111","laba","Indacaterol 150microgram inhalation powder capsules with device"
"5707141000033110","laba","Indacaterol 300microgram inhalation powder capsules with device"
"5707241000033115","laba","Onbrez Breezhaler 150microgram inhalation powder capsules with device (Novartis Pharmaceuticals UK Ltd)"
"5707341000033113","laba","Onbrez Breezhaler 300microgram inhalation powder capsules with device (Novartis Pharmaceuticals UK Ltd)"
"5747941000033119","abx","Cefalexin 125mg/5ml oral suspension sugar free"
"576741000033118","ics","Flixotide 100micrograms/dose Accuhaler (GlaxoSmithKline UK Ltd)"
"576841000033111","ics","Flixotide 250micrograms/dose Accuhaler (GlaxoSmithKline UK Ltd)"
"576941000033115","ics","Flixotide 50micrograms/dose Accuhaler (GlaxoSmithKline UK Ltd)"
"577041000033119","ics","Flixotide 500micrograms/dose Accuhaler (GlaxoSmithKline UK Ltd)"
"5811241000033111","ics","Mometasone 200micrograms/dose dry powder inhaler"
"5811341000033118","ics","Mometasone 400micrograms/dose dry powder inhaler"
"5811441000033112","ics","Asmanex 200micrograms/dose Twisthaler (Organon Pharma (UK) Ltd)"
"5811541000033113","ics","Asmanex 400micrograms/dose Twisthaler (Organon Pharma (UK) Ltd)"
"581241000033110","ics","Flixotide 100microgram disks with Diskhaler (GlaxoSmithKline UK Ltd)"
"581341000033117","ics","Flixotide 250microgram disks with Diskhaler (GlaxoSmithKline UK Ltd)"
"581441000033111","ics","Flixotide 50microgram disks with Diskhaler (GlaxoSmithKline UK Ltd)"
"581841000033114","ics","Flixotide 500microgram disks with Diskhaler (GlaxoSmithKline UK Ltd)"
"585741000033118","ics","Flixotide 25micrograms/dose inhaler (GlaxoSmithKline UK Ltd)"
"586041000033113","ics","Fluticasone 25micrograms/dose inhaler"
"590841000033115","ics","Flixotide 100microgram disks (GlaxoSmithKline UK Ltd)"
"590941000033111","ics","Flixotide 250microgram disks (GlaxoSmithKline UK Ltd)"
"591041000033118","ics","Flixotide 50microgram disks (GlaxoSmithKline UK Ltd)"
"591141000033119","ics","Fluticasone propionate 100microgram inhalation powder blisters"
"591241000033114","ics","Fluticasone propionate 250microgram inhalation powder blisters"
"591341000033116","ics","Fluticasone propionate 50microgram inhalation powder blisters"
"591441000033110","ics","Flixotide 500microgram disks (GlaxoSmithKline UK Ltd)"
"591541000033111","ics","Fluticasone propionate 500microgram inhalation powder blisters"
"5917241000033112","pde4i","Roflumilast 500microgram tablets"
"5917641000033110","pde4i","Daxas 500microgram tablets (AstraZeneca UK Ltd)"
"5990141000033115","ocs","Prednisone 1mg modified-release tablets"
"5990241000033110","ocs","Prednisone 2mg modified-release tablets"
"5990341000033117","ocs","Prednisone 5mg modified-release tablets"
"599641000033111","laba","Foradil 12microgram inhalation powder capsules with device (Novartis Pharmaceuticals UK Ltd)"
"6456541000033118","laba","Neovent 25micrograms/dose inhaler CFC free (Kent Pharma (UK) Ltd)"
"772541000033111","sama","Ipratropium bromide 40micrograms/dose inhaler"
"772641000033112","sama","Ipratropium bromide 20micrograms/dose inhaler"
"772841000033113","sama","Ipratropium bromide 20micrograms/dose breath actuated inhaler"
"772941000033117","sama","Ipratropium bromide 40microgram inhalation powder capsules"
"773041000033110","sama","Ipratropium bromide 40microgram inhalation powder capsules with device"
"7871241000033116","abx","Doxycycline 50mg/5ml oral suspension"
"8028941000033114","laba-ics",NA
"804941000033116","abx","Klaricid XL 500mg tablets (Viatris UK Healthcare Ltd)"
"805141000033117","abx","Klaricid Paediatric 125mg/5ml oral suspension (Viatris UK Healthcare Ltd)"
"805341000033119","abx","Klaricid Adult 250mg granules sachets (Viatris UK Healthcare Ltd)"
"805441000033113","abx","Klaricid 500 tablets (Abbott Laboratories Ltd)"
"8056941000033114","lama","Aclidinium bromide 375micrograms/dose dry powder inhaler"
"8057341000033112","lama","Eklira 322micrograms/dose Genuair (AstraZeneca UK Ltd)"
"805741000033118","abx","Klaricid 250mg tablets (Abbott Laboratories Ltd)"
"8101641000033112","laba-ics","Fluticasone 50micrograms/dose / Formoterol 5micrograms/dose inhaler CFC free"
"8101741000033115","laba-ics","Fluticasone 125micrograms/dose / Formoterol 5micrograms/dose inhaler CFC free"
"8101841000033113","laba-ics","Fluticasone 250micrograms/dose / Formoterol 10micrograms/dose inhaler CFC free"
"8101941000033117","laba-ics","Flutiform 50micrograms/dose / 5micrograms/dose inhaler (Napp Pharmaceuticals Ltd)"
"8102041000033111","laba-ics","Flutiform 125micrograms/dose / 5micrograms/dose inhaler (Napp Pharmaceuticals Ltd)"
"8102141000033110","laba-ics","Flutiform 250micrograms/dose / 10micrograms/dose inhaler (Napp Pharmaceuticals Ltd)"
"8141741000033112","lama","Glycopyrronium bromide 55microgram inhalation powder capsules with device"
"8141841000033119","lama","Seebri Breezhaler 44microgram inhalation powder capsules with device (Novartis Pharmaceuticals UK Ltd)"
"8491641000033114","saba","AirSalb 100micrograms/dose inhaler CFC free (Sandoz Ltd)"
"8494441000033110","ocs","Dilacort 2.5mg gastro-resistant tablets (Crescent Pharma Ltd)"
"8494541000033111","ocs","Dilacort 5mg gastro-resistant tablets (Crescent Pharma Ltd)"
"8536141000033111","laba","Vertine 25micrograms/dose inhaler CFC free (Teva UK Ltd)"
"857741000033118","abx","Magnapen 250mg/250mg capsules (Wockhardt UK Ltd)"
"867741000033114","abx","Magnapen syrup (Wockhardt UK Ltd)"
"88241000033118","sama","Atrovent 20micrograms/dose inhaler (Boehringer Ingelheim Ltd)"
"88341000033111","sama","Atrovent 40microgram Aerocaps (Boehringer Ingelheim Ltd)"
"88441000033117","sama","Atrovent 40microgram Aerocaps with Aerohaler (Boehringer Ingelheim Ltd)"
"88541000033116","sama","Atrovent 20micrograms/dose Autohaler (Boehringer Ingelheim Ltd)"
"89441000033110","sama","Atrovent Forte 40micrograms/dose inhaler (Boehringer Ingelheim Ltd)"
"8946841000033112","laba-ics","Fluticasone furoate 184micrograms/dose / Vilanterol 22micrograms/dose dry powder inhaler"
"8946941000033116","laba-ics","Fluticasone furoate 92micrograms/dose / Vilanterol 22micrograms/dose dry powder inhaler"
"8947041000033115","laba-ics","Relvar Ellipta 184micrograms/dose / 22micrograms/dose dry powder inhaler (GlaxoSmithKline UK Ltd)"
"8947141000033116","laba-ics","Relvar Ellipta 92micrograms/dose / 22micrograms/dose dry powder inhaler (GlaxoSmithKline UK Ltd)"
"9119141000033118","ocs","Prednisolone 15mg/5ml oral solution"
"9293241000033114","laba-lama","Umeclidinium bromide 65micrograms/dose / Vilanterol 22micrograms/dose dry powder inhaler"
"9293341000033116","laba-lama","Anoro Ellipta 55micrograms/dose / 22micrograms/dose dry powder inhaler (GlaxoSmithKline UK Ltd)"
"9299341000033119","laba","Olodaterol 2.5micrograms/dose solution for inhalation cartridge with device CFC free"
"9299441000033113","laba","Striverdi Respimat 2.5micrograms/dose inhalation solution cartridge with device (Boehringer Ingelheim Ltd)"
"93141000033115","abx","Augmentin 375mg dispersible tablets (GlaxoSmithKline UK Ltd)"
"9342741000033111","laba-ics","DuoResp Spiromax 160micrograms/dose / 4.5micrograms/dose dry powder inhaler (Teva UK Ltd)"
"9342841000033118","laba-ics","DuoResp Spiromax 320micrograms/dose / 9micrograms/dose dry powder inhaler (Teva UK Ltd)"
"94641000033110","abx","Augmentin 125/31 SF oral suspension (GlaxoSmithKline UK Ltd)"
"94741000033118","abx","Augmentin 250/62 SF oral suspension (GlaxoSmithKline UK Ltd)"
"94841000033111","abx","Augmentin-Duo 400/57 oral suspension (GlaxoSmithKline UK Ltd)"
"94941000033115","abx","Augmentin 375mg tablets (GlaxoSmithKline UK Ltd)"
"95041000033115","abx","Augmentin 625mg tablets (GlaxoSmithKline UK Ltd)"
"9531441000033113","laba-ics","Beclometasone 100micrograms/dose / Formoterol 6micrograms/dose dry powder inhaler"
"9537441000033115","laba-ics","Fostair NEXThaler 100micrograms/dose / 6micrograms/dose dry powder inhaler (Chiesi Ltd)"
"96941000033113","abx","Azithromycin 250mg capsules"
"9703441000033119","lama","Umeclidinium bromide 65micrograms/dose dry powder inhaler"
"9703641000033117","lama","Incruse Ellipta 55micrograms/dose dry powder inhaler (GlaxoSmithKline UK Ltd)"
"98441000033116","abx","Azithromycin 200mg/5ml oral suspension"
"9851941000033115","laba-lama","Indacaterol 85micrograms/dose / Glycopyrronium bromide 54micrograms/dose inhalation powder capsules with device"
"9852041000033114","laba-lama","Ultibro Breezhaler 85microgram/43microgram inhalation powder capsules with device (Novartis Pharmaceuticals UK Ltd)"
"9995641000033112","laba-lama","Aclidinium bromide 396micrograms/dose / Formoterol 11.8micrograms/dose dry powder inhaler"
"9995741000033115","laba-lama","Duaklir 340micrograms/dose / 12micrograms/dose Genuair (AstraZeneca UK Ltd)"
"5990641000033113","ocs","Lodotra 1mg modified-release tablets (Napp Pharmaceuticals Ltd)"
"5990741000033116","ocs","Lodotra 2mg modified-release tablets (Napp Pharmaceuticals Ltd)"
"5990841000033114","ocs","Lodotra 5mg modified-release tablets (Napp Pharmaceuticals Ltd)"
"576141000033117","ics","Filair 100 inhaler (Meda Pharmaceuticals Ltd)"
"129841000033112","ics","Becotide 100 inhaler (GlaxoSmithKline UK Ltd)"
"129041000033117","ics","Beclazone 100 inhaler (Teva UK Ltd)"
"136941000033110","ics","Becodisks 100microgram (GlaxoSmithKline UK Ltd)"
"126741000033110","ics","Becodisks 100microgram with Diskhaler (GlaxoSmithKline UK Ltd)"
"20341000033115","ics","AeroBec 100 Autohaler (Meda Pharmaceuticals Ltd)"
"123241000033110","ics","Beclazone 100 Easi-Breathe inhaler (Teva UK Ltd)"
"1571041000033110","ics","Asmabec 100 Clickhaler (Focus Pharmaceuticals Ltd)"
"137041000033111","ics","Becodisks 200microgram (GlaxoSmithKline UK Ltd)"
"126841000033117","ics","Becodisks 200microgram with Diskhaler (GlaxoSmithKline UK Ltd)"
"131441000033112","ics","Becotide 200 inhaler (GlaxoSmithKline UK Ltd)"
"1577941000033118","ics","Beclazone 200 inhaler (Teva UK Ltd)"
"20241000033113","ics","AeroBec Forte 250 Autohaler (Meda Pharmaceuticals Ltd)"
"123441000033111","ics","Beclazone 250 Easi-Breathe inhaler (Teva UK Ltd)"
"1571141000033114","ics","Asmabec 250 Clickhaler (Focus Pharmaceuticals Ltd)"
"121641000033112","ics","Becloforte 250micrograms/dose inhaler (GlaxoSmithKline UK Ltd)"
"129241000033113","ics","Beclazone 250 inhaler (Teva UK Ltd)"
"576341000033119","ics","Filair Forte 250micrograms/dose inhaler (Meda Pharmaceuticals Ltd)"
"137241000033115","ics","Becodisks 400microgram (GlaxoSmithKline UK Ltd)"
"136641000033115","ics","Becloforte 400microgram disks (GlaxoSmithKline UK Ltd)"
"126941000033113","ics","Becodisks 400microgram with Diskhaler (GlaxoSmithKline UK Ltd)"
"126641000033118","ics","Becloforte 400microgram disks with Diskhaler (GlaxoSmithKline UK Ltd)"
"123341000033117","ics","Beclazone 50 Easi-Breathe inhaler (Teva UK Ltd)"
"20141000033118","ics","AeroBec 50 Autohaler (Meda Pharmaceuticals Ltd)"
"1571241000033119","ics","Asmabec 50 Clickhaler (Focus Pharmaceuticals Ltd)"
"576241000033112","ics","Filair 50 inhaler (Meda Pharmaceuticals Ltd)"
"129941000033116","ics","Becotide 50 inhaler (GlaxoSmithKline UK Ltd)"
"129141000033118","ics","Beclazone 50 inhaler (Teva UK Ltd)"
"137641000033117","ics","Becotide 100microgram Rotacaps (GlaxoSmithKline UK Ltd)"
"137741000033114","ics","Becotide 200microgram Rotacaps (GlaxoSmithKline UK Ltd)"
"138041000033110","ics","Becotide 400microgram Rotacaps (GlaxoSmithKline UK Ltd)"
"12430241000033117","sama","Inhalvent 20micrograms/dose inhaler (Alissa Healthcare Research Ltd)"
"13283241000033112","sama","Ipravent 20micrograms/dose inhaler CFC free (Cipla EU Ltd)"
"20041000033117","saba","Aerolin 100micrograms/dose Autohaler (3M Health Care Ltd)"
"1510341000033111","saba","Ventodisks 200microgram (GlaxoSmithKline UK Ltd)"
"1506841000033119","saba","Ventodisks 200microgram with Diskhaler (GlaxoSmithKline UK Ltd)"
"1510441000033117","saba","Ventodisks 400microgram (GlaxoSmithKline UK Ltd)"
"1506941000033110","saba","Ventodisks 400microgram with Diskhaler (GlaxoSmithKline UK Ltd)"
"82541000033119","saba","Asmasal 95micrograms/dose Clickhaler (Focus Pharmaceuticals Ltd)"
"6029541000033117","saba","Asmavent 100micrograms/dose inhaler CFC free (Kent Pharma (UK) Ltd)"
"130441000033115","saba","Berotec 200micrograms/dose inhaler (Boehringer Ingelheim Ltd)"
"13844641000033112","lama","Tiogiva 18microgram inhalation powder capsules (Glenmark Pharmaceuticals Europe Ltd)"
"13844541000033111","lama","Tiogiva 18microgram inhalation powder capsules with device (Glenmark Pharmaceuticals Europe Ltd)"
"13859141000033118","lama","Acopair 18microgram inhalation powder capsules with NeumoHaler (Viatris UK Healthcare Ltd)"
"13774841000033112","triple","Trixeo Aerosphere 5micrograms/dose / 7.2micrograms/dose / 160micrograms/dose pressurised inhaler (AstraZeneca UK Ltd)"
"13912841000033115","triple","Trimbow NEXThaler 88micrograms/dose / 5micrograms/dose / 9micrograms/dose dry powder inhaler (Chiesi Ltd)"
"13179141000033113","laba-lama","Yanimo Respimat 2.5micrograms/dose / 2.5micrograms/dose inhalation solution cartridge with device (Boehringer Ingelheim Ltd)"
"13768041000033118","laba-lama","Bevespi Aerosphere 7.2micrograms/dose / 5micrograms/dose pressurised inhaler (AstraZeneca UK Ltd)"
"13767941000033116","laba-lama","Glycopyrronium 7.2micrograms/dose / Formoterol 5micrograms/dose inhaler CFC free"
"488041000033119","saba-sama","Duovent inhaler (Boehringer Ingelheim Ltd)"
"485841000033117","saba-sama","Duovent Autohaler (Boehringer Ingelheim Ltd)"
"13860241000033114","laba-ics","Luforbec 100micrograms/dose / 6micrograms/dose inhaler (Lupin Healthcare (UK) Ltd)"
"11899741000033117","laba-ics","Aerivio Spiromax 50micrograms/dose / 500micrograms/dose dry powder inhaler (Teva UK Ltd)"
"13815441000033115","laba-ics","Fixkoh Airmaster 50micrograms/dose / 250micrograms/dose dry powder inhaler (Thornton & Ross Ltd)"
"13815341000033114","laba-ics","Fixkoh Airmaster 50micrograms/dose / 100micrograms/dose dry powder inhaler (Thornton & Ross Ltd)"
"13933641000033117","laba-ics","Avenor 25micrograms/dose / 50micrograms/dose inhaler (Zentiva Pharma UK Ltd)"
"13743941000033118","laba-ics","Symbicort 100micrograms/dose / 3micrograms/dose pressurised inhaler (AstraZeneca UK Ltd)"
"13743741000033116","laba-ics","Budesonide 100micrograms/dose / Formoterol 3micrograms/dose inhaler CFC free"
"37241000033112","abx","Almodan 125mg/5ml syrup (Teva UK Ltd)"
"460341000033118","abx","Distaclor 125mg/5ml oral suspension (Flynn Pharma Ltd)"
"460441000033112","abx","Distaclor 250mg/5ml oral suspension (Flynn Pharma Ltd)"
"802741000033110","abx","Keflex 125mg/5ml oral suspension (Flynn Pharma Ltd)"
"232341000033112","abx","Ceporex 125mg/5ml syrup (Strides Pharma UK Ltd)"
"802841000033117","abx","Keflex 250mg/5ml oral suspension (Flynn Pharma Ltd)"
"232441000033118","abx","Ceporex 250mg/5ml syrup (Strides Pharma UK Ltd)"
"967441000033110","abx","Nicef 250mg capsules (Strides Pharma UK Ltd)"
"1506041000033114","abx","Velosef 250mg capsules (Bristol-Myers Squibb Pharmaceuticals Ltd)"
"967541000033111","abx","Nicef 500mg capsules (Strides Pharma UK Ltd)"
"1506141000033113","abx","Velosef 500mg capsules (Bristol-Myers Squibb Pharmaceuticals Ltd)"
"1398741000033113","abx","Suprax 200mg tablets (Sanofi)"
"415841000033119","abx","Demix 100 capsules (Ashbourne Pharmaceuticals Ltd)"
"2104341000033112","abx","Doxylar 100mg capsules (Sandoz Ltd)"
"2193041000033114","abx","Vibrox 100mg capsules (Kent Pharma (UK) Ltd)"
"1514941000033119","abx","Vibramycin 100mg capsules (Pfizer Ltd)"
"415941000033110","abx","Demix 50 capsules (Ashbourne Pharmaceuticals Ltd)"
"2104241000033119","abx","Doxylar 50mg capsules (Sandoz Ltd)"
"1515041000033119","abx","Vibramycin 50 capsules (Pfizer Ltd)"
"1705841000033113","abx","Vibramycin Acne Pack 50mg capsules (Pfizer Ltd)"
"1183741000033110","abx","Rommix 250 EC tablets (Ashbourne Pharmaceuticals Ltd)"
"539541000033115","abx","Erythrocin 250 tablets (Advanz Pharma)"
"539641000033119","abx","Erythrocin 500 tablets (Advanz Pharma)"
"10220241000033110","abx","Evoxil 500mg tablets (Kent Pharma (UK) Ltd)"
"56841000033114","abx","Amoram 125mg/5ml oral suspension (LPC Medical (UK) Ltd)"
"55641000033117","abx","Amix 125 oral suspension (Ashbourne Pharmaceuticals Ltd)"
"625941000033118","abx","Galenamox 125mg/5ml oral suspension (Galen Ltd)"
"53941000033113","abx","Amoxil 3g oral powder sachets sucrose free (GlaxoSmithKline UK Ltd)"
"1436941000033111","abx","Tiloryth 250mg gastro-resistant capsules (Tillomed Laboratories Ltd)"
"2890541000033117","abx","Kerymax 250mg gastro-resistant capsules (Kent Pharma (UK) Ltd)"
"534141000033113","abx","Erymax 250mg gastro-resistant capsules (Teva UK Ltd)"
"368341000033110","abx","Co-fluampicil 125mg/125mg/5ml oral suspension"
"803141000033116","abx","Keftid 125mg/5ml oral suspension (Strides Pharma UK Ltd)"
"803241000033111","abx","Keftid 250mg/5ml oral suspension (Strides Pharma UK Ltd)"
"452341000033110","abx","Distaclor MR 375mg tablets (Flynn Pharma Ltd)"
"2617541000033112","abx","Bacticlor MR 375mg tablets (Ranbaxy (UK) Ltd)"
"232541000033117","abx","Ceporex 500mg/5ml syrup (Strides Pharma UK Ltd)"
"1393841000033111","abx","Suprax Paediatric 100mg/5ml oral suspension (Sanofi)"
"1511941000033116","abx","Velosef 250mg/5ml syrup (Bristol-Myers Squibb Pharmaceuticals Ltd)"
"6030241000033111","abx","Clarie XL 500mg tablets (Teva UK Ltd)"
"8246541000033111","abx",NA
"8243841000033116","abx",NA
"11809941000033116","abx",NA
"5150241000033119","abx","Efracea 40mg modified-release capsules (Galderma (UK) Ltd)"
"2290941000033119","abx","Ranclav 125mg/31mg/5ml SF oral suspension (Ranbaxy (UK) Ltd)"
"2291041000033112","abx",NA
"13707941000033117","abx","Amoxicillin 1g dispersible tablets sugar free"
"625841000033114","abx","Galenamox 250mg/5ml oral suspension (Galen Ltd)"
"55741000033114","abx","Amix 250 oral suspension (Ashbourne Pharmaceuticals Ltd)"
"56941000033118","abx","Amoram 250mg/5ml oral suspension (LPC Medical (UK) Ltd)"
"235141000033115","abx","Ceporex 250mg tablets (Strides Pharma UK Ltd)"
"803341000033118","abx","Keflex 250mg tablets (Flynn Pharma Ltd)"
"221041000033115","abx","Ceporex 500mg capsules (Strides Pharma UK Ltd)"
"796941000033114","abx","Keflex 500mg capsules (Flynn Pharma Ltd)"
"6427141000033111","abx",NA
"1523841000033118","abx","Vibramycin-D 100mg dispersible tablets (Pfizer Ltd)"
"2290741000033117","abx","Ranclav 375mg tablets (Ranbaxy (UK) Ltd)"
"2186941000033119","abx","Amiclav 250mg/125mg tablets (Ashbourne Pharmaceuticals Ltd)"
"2290841000033110","abx",NA
"1671741000033118","abx","Respillin 250mg capsules (Kent Pharma (UK) Ltd)"
"620241000033118","abx","Galenamox 250mg capsules (Galen Ltd)"
"45441000033117","abx","Amoram 250mg capsules (LPC Medical (UK) Ltd)"
"46141000033118","abx","Amix 250 capsules (Ashbourne Pharmaceuticals Ltd)"
"45641000033115","abx","Amix 500 capsules (Ashbourne Pharmaceuticals Ltd)"
"620341000033111","abx","Galenamox 500mg capsules (Galen Ltd)"
"1671841000033111","abx","Respillin 500mg capsules (Kent Pharma (UK) Ltd)"
"45541000033116","abx","Amoram 500mg capsules (LPC Medical (UK) Ltd)"
"294741000033111","abx","Co-fluampicil 250mg/250mg capsules"
"4823141000033118","abx","Clamelle 500mg tablets (Actavis UK Ltd)"
"797641000033116","abx","Keftid 250mg capsules (Strides Pharma UK Ltd)"
"433941000033116","abx","Distaclor 500mg capsules (Flynn Pharma Ltd)"
"797741000033113","abx","Keftid 500mg capsules (Strides Pharma UK Ltd)"
"796841000033118","abx","Keflex 250mg capsules (Flynn Pharma Ltd)"
"220941000033113","abx","Ceporex 250mg capsules (Strides Pharma UK Ltd)"
"235241000033110","abx","Ceporex 500mg tablets (Strides Pharma UK Ltd)"
"803441000033112","abx","Keflex 500mg tablets (Flynn Pharma Ltd)"
"2637141000033110","abx","Periostat 20mg tablets (Alliance Pharmaceuticals Ltd)"
"13827741000033111","abx","Amoxicillin 500mg/5ml oral suspension sugar free"
"3838841000033115","abx","Clarosip 125mg granules for oral suspension straws (Grunenthal Ltd)"
"3838941000033111","abx","Clarosip 187.5mg granules for oral suspension straws (Grunenthal Ltd)"
"3839041000033119","abx","Clarosip 250mg granules for oral suspension straws (Grunenthal Ltd)"
"9203041000033115","theophylline","Theophylline 50mg/5ml oral solution"
"1434741000033116","theophylline","Theophylline 125mg tablets"
"993541000033118","theophylline","Nuelin 125mg tablets (3M Health Care Ltd)"
"1431441000033113","theophylline","Theophylline 60mg/5ml oral solution"
"992241000033110","theophylline","Nuelin 60mg/5ml liquid (3M Health Care Ltd)"
"12468241000033113","theophylline","Theophylline 50mg/5ml oral suspension"
"993641000033117","theophylline","Nuelin SA 175mg tablets (Viatris UK Healthcare Ltd)"
"1433541000033110","theophylline","Theophylline 175mg modified-release tablets"
"1433041000033117","theophylline","Theo-Dur 200mg tablets (AstraZeneca UK Ltd)"
"1432941000033110","theophylline","Theophylline 200mg modified-release tablets"
"1489341000033112","theophylline","Uniphyllin Continus 200mg tablets (Napp Pharmaceuticals Ltd)"
"1830241000033110","theophylline","Theophylline 250mg modified-release tablets"
"993941000033112","theophylline","Nuelin SA 250 tablets (Viatris UK Healthcare Ltd)"
"1429641000033112","theophylline","Theophylline 250mg modified-release capsules"
"1346141000033115","theophylline","Slo-Phyllin 250mg capsules (Merck Serono Ltd)"
"1490441000033110","theophylline","Uniphyllin Continus 300mg tablets (Napp Pharmaceuticals Ltd)"
"1436141000033114","theophylline","Theophylline 300mg modified-release tablets"
"1490641000033112","theophylline","Uniphyllin Continus 400mg tablets (Napp Pharmaceuticals Ltd)"
"1436041000033110","theophylline","Theophylline 400mg modified-release tablets"
"1429741000033115","theophylline","Theophylline 60mg modified-release capsules"
"1346241000033110","theophylline","Slo-Phyllin 60mg capsules (Merck Serono Ltd)"
"1346041000033119","theophylline","Slo-Phyllin 125mg capsules (Merck Serono Ltd)"
"1429541000033111","theophylline","Theophylline 125mg modified-release capsules"
